,author,created_utc,selftext,subreddit,title,url,created
0,56isaverygoodyear,1614185728,,Positivity,"Recording of ""I am"" Positive words with Music Scott Buckley~ Beautiful Oblivion~ Please, take what you can use ~ Blessings beautiful soul ~ Positivity to the universe day 55 ~ 2/24/2021 StRoD",https://youtube.com/watch?v=aOyhL71gYto&amp;feature=share,1614156928.0
1,roxeeshanaya,1614183954,"I wish you resolve in anything thatâ€™s weighing heavy on you, I wish you light and grace, peace, sanity, clarity to make right decisions in life. May you hold on to hope. I wish you financial prosperity to sustain your daily necessities and to provide for your love ones. I wish you and your love ones good health. May you walk through your everyday life with peace in your mind and happiness in your heart. I hope even if thereâ€™s something that is blocking you to see your worth, your value and importance, that one day you will realize how loved and how needed you are in this world. I hope you are kind and gentle with yourself. You are deserving of a good life!â¤ï¸âœ¨",Positivity,I just want to reach out to whoever will read this,https://www.reddit.com/r/Positivity/comments/lrgrql/i_just_want_to_reach_out_to_whoever_will_read_this/,1614155154.0
2,witchofjavaland,1614179939,,Positivity,Just a reminder.,https://i.redd.it/tm4cj6l60gj61.jpg,1614151139.0
3,peachy-peachy,1614172029,"Iâ€™ve been struggling with my self-image for a long time. Some days I feel okay about how I look, and other days (like today) I just feel so disgusting. 

I have a bad habit of comparing my looks to other people, especially friends and family members. Itâ€™s really self detrimental bc it makes me feel so bad about how I look. Theyâ€™re so beautiful and they donâ€™t even try, but Iâ€™m just below average even when I try my best to look good. 

My own family and a couple in-laws have commented on how it looks like a gained weight or my skin worsened. Iâ€™m in my 20s and I thought Iâ€™d be past the point of caring so much about how I look. 

I can barely stand how I look in pictures and end up deleting a lot of them bc I hate how I look.

Iâ€™m not asking for compliments about my looks, but Iâ€™m seeking for some support. Any kind of positivity, experience, advice, etc would be really appreciated. Thank you :)",Positivity,Some positivity and reassurance needed :(,https://www.reddit.com/r/Positivity/comments/lrcgn6/some_positivity_and_reassurance_needed/,1614143229.0
4,ZombieWalkn,1614168571,"Good morning and happy hump day my friends! Itâ€™s the middle of the week just a couple more until the weekend so hang in there, yâ€™all got this! You all are very dear and cherished to me so please donâ€™t hesitate to reach out if you need anything like prayer requests! Be there for someone having a bad day and be a blessing in their lives! 

â€œIt is of the Lord's mercies that we are not consumed, because his compassions fail not. They are new every morning: great is thy faithfulness. The Lord is my portion, saith my soul; therefore will I hope in him. The Lord is good unto them that wait for him, to the soul that seeketh him.â€
â€­â€­Lamentationsâ€¬ â€­3:22-25â€¬ â€­KJVâ€¬â€¬ 

Gospel of the grace of God: I Corinthians 15: 1-4 KJVâ¤ï¸",Positivity,Wednesday Inspiration!â¤ï¸,https://www.reddit.com/r/Positivity/comments/lrbca3/wednesday_inspiration/,1614139771.0
5,LoveToMeditate,1614162629,,Positivity,5 MINUTE POSITIVE MORNING MEDITATION âœ¨,https://youtu.be/LQKBfwWiwao,1614133829.0
6,minimalismemma,1614143089,Think back to the people who have made a difference... For me it would be my professor who encouraged me to go to graduate school... or my mom for giving me my love for cooking. Find someone and write out ten things you're grateful for about them. You will instantly be placed in a higher positive attitude and vibe.,Positivity,Be grateful for the people who have changed your life,https://www.reddit.com/r/Positivity/comments/lr4b2f/be_grateful_for_the_people_who_have_changed_your/,1614114289.0
7,lifehealthrelax,1614117487,,Positivity,5 beautiful quotes from your favorite authors.,https://youtube.com/watch?v=pP0pAzBLtz0&amp;feature=share,1614088687.0
8,StopAndListen1,1614117058," [https://stopandlisten.org/](https://stopandlisten.org/) 

https://preview.redd.it/1oey3ic5taj61.png?width=3000&amp;format=png&amp;auto=webp&amp;s=0d265caacec00b16f61ee060f5aab37dd8ce1aeb",Positivity,Stop and Listen is on a mission to end racism. Join the American Indian Community Center in our movement and sign up for our newsletter!,https://www.reddit.com/r/Positivity/comments/lqu2qe/stop_and_listen_is_on_a_mission_to_end_racism/,1614088258.0
9,cnyman303,1614111406,"We all go through struggles and mine will always be different then yours. Sometimes finding that one speck of positivity in a bad situation can help. Even if itâ€™s stupid like at least it didnâ€™t rain today. Itâ€™s a mind set thatâ€™s not easy. 

Here is my example: I am slowly dying, my kidneys are failing and only work at about 15% and I have a 50/50 chance of my children having it too. So first bright side my oldest has been cleared he doesnâ€™t have it but my youngest is 14 and we will not be testing her for it until 18 and out of high school. Now I know she is watching me decline just as I watched my mother when I was 14. My experience watching my mother decline was sad and always made me feel like she was trapped by the disease. So to keep this from happening we are doing things differently. 

1. I have more energy in the morning so on weekends we do morning activities so she doesnâ€™t notice anything is wrong with me. 

2. We make up games that involve being out of the house yet safe in our car. (Drive with family in car, 1st person picks north south East or West then drive 30-60 mins you choose the amount. 2nd person then starts choosing left or right and next person picks the next left or right. Choose your total time limit and when time is up find a local spot to eat (support local business) and then drive home) I have some beautiful pictures from playing this game.

3. Sometimes you need to take a moment for yourself, youâ€™re human and when the brain has decided to go haywire sometimes we have to ask for help. It took me 45 years to get past the ingrained notion that therapists are nosey and will just blame everything on your childhood. This is not the case and bright side my daughter watched me ask for help and knows itâ€™s a good thing. Sheâ€™s heard me many times laughing with my therapist while telling her the stupid shenanigans I get myself into so for her therapy looks like a great thing. 

4. You need love. The unconditional love that sometimes can only come from yourself. I have lost 150lbs and I have loose skin. Do I care that I look funny to other people.. nope.. do I want surgery to remove it so I look better.. nope. I had to have a gastric sleeve done because at my weight I was not allowed on the transplant list.. sounds sucky right but I did it. So honestly I could care less what people think about my arms looking like I have wings. I see them as more of a super hero cape because if I can lose it I can do anything. Iâ€™m not afraid to fail, Iâ€™ve faced death before so itâ€™s not scary to me. Iâ€™ve decided everyday is important and bright side is Iâ€™m just not afraid anymore. I even learned how to tell people no. 

Ok so yes sometimes life sucks but you can make it easier with a positive attitude and live with love in your heart.",Positivity,Spreading the positivity in case someone needs it,https://www.reddit.com/r/Positivity/comments/lqrwr0/spreading_the_positivity_in_case_someone_needs_it/,1614082606.0
10,56isaverygoodyear,1614105333,,Positivity,Loving yourself ~ Blessings beautiful soul ~ Positivity to the universe day 54 ~ 2/23/2021 StRoD,https://i.redd.it/ipp7g65cu9j61.jpg,1614076533.0
11,lsignori,1614104833,"Hey, All! Get ready for the **â€œPower-Based Relationships: Bullying &amp; Prosocial Bystandersâ€** presentation **on March 1st, 2021.** You can sign up [here](https://www.eventbrite.com/e/bullying-prevention-training-for-students-educators-and-parents-registration-141856979043).

Description:

â€œBut I was just kidding.â€ Free speech with the intent to harm and degrade others can easily become bullying. We analyze what is bullying and how it is perpetuated within our social hierarchies. Understand why and how someone becomes a bully or the target of a bully (and sometimes both) as well as the role the bystanders play in perpetuating the cycle. Grasp the importance of recognizing the difference between teasing and taunting and flirting and sexual bullying.

Learn how to empower those who are targets, so they feel supported in speaking up. Silence can lead to struggles with mental health and even self-harming behaviors. We uncover the power issues around gender, race, religion, ethnicity, economic status, appearance, sexual identity and more. Learn ways to become a prosocial bystander and create lasting culture change within our communities.

Expert Presenters:

Katie Koestner - Author, Activist, and Educator; Cover of TIME Magazine at Age 18, Subject of an HBO Movie

Barbara Coloroso - Founder of Kids Are Worth It, Author, Speaker",Positivity,FREE Bystander Intervention and Bullying Prevention Seminar With Katie Koestner (TIME Cover Story) and Barbara Coloroso!,https://www.reddit.com/r/Positivity/comments/lqpa37/free_bystander_intervention_and_bullying/,1614076033.0
12,brightcog1000,1614097093,,Positivity,rhythmic drumming for meditation,https://youtu.be/uoTkLw4rSqE,1614068293.0
13,Onediamondfilms,1614096121,,Positivity,How Gratitude Can Change Your Life - Tea With HC Episode #13 (PART 2),https://youtube.com/watch?v=5VyzPCAUEKk&amp;feature=share,1614067321.0
14,quitegreatmusicpr,1614082877,,Positivity,The Arts Will Not Be Silenced,https://quitegreat.medium.com/the-arts-will-not-be-silenced-d1bba6d53e39,1614054077.0
15,ZombieWalkn,1614082803,"Good morning and happy Tuesday my beloved friends! I hope you all have a great and productive Tuesday! You all are very loved, cherished and dear to me! Please donâ€™t hesitate to send me any prayer requests if you need anything! Be a blessing to someone having a bad day and needs someone to talk to! Just a call/text can mean the world to someone!

â€œA good name is rather to be chosen than great riches, and loving favour rather than silver and gold. The rich and poor meet together: the Lord is the maker of them all. A prudent man foreseeth the evil, and hideth himself: but the simple pass on, and are punished. By humility and the fear of the Lord are riches, and honour, and life. Thorns and snares are in the way of the froward: he that doth keep his soul shall be far from them. Train up a child in the way he should go: and when he is old, he will not depart from it.â€
â€­â€­Proverbsâ€¬ â€­22:1-6â€¬ â€­KJVâ€¬â€¬ 

Gospel of the grace of God: I Corinthians 15: 1-4 KJVâ¤ï¸",Positivity,Tuesday inspiration!,https://www.reddit.com/r/Positivity/comments/lqh55a/tuesday_inspiration/,1614054003.0
16,RisingChadows,1614075454,,Positivity,February 23 FÃ©vrier Daily Update / Mise Ã  jour quotidienne,https://i.redd.it/k6kavgfgd7j61.jpg,1614046654.0
17,AntiBullshyt,1614071354,,Positivity,Calling reinforcements,https://i.imgur.com/Ecu3hr5.jpg,1614042554.0
18,AntiBullshyt,1614069681,,Positivity,This is awesome,https://i.imgur.com/GXYBUQO.jpg,1614040881.0
19,Ok-Bug3499,1614049992,"Hello, this is my first post on here!
I wanted to come on here because I really need some positive comments right now or something. Iâ€™m starting a new job the first time Iâ€™ve worked in a year and Iâ€™m so insanely nervous. I had to quit working for a while because Iâ€™m very high risk with covid and my doctor advised against it but I just got vaccinated so I can get back out there. In the past year Iâ€™ve experienced lots of crippling anxiety due to some issues so you can imagine how nervous I am right now. Iâ€™m also a full time student taking 16 credits and Iâ€™m nervous itâ€™s going to get in the way of that too. I could really use some positivity right now so if anyone reading this could comment something to make me feel a bit better I would appreciate it.",Positivity,Working for the first time in a year. But Iâ€™m anxious and could use some positive vibes,https://www.reddit.com/r/Positivity/comments/lq7psm/working_for_the_first_time_in_a_year_but_im/,1614021192.0
20,SundayDiscovery,1614049616,,Positivity,Research from Stanford University has shown that complaining shrinks the hippocampus -- an area of the brain that's critical to problem solving and intelligent thought.,http://youtube.com/watch?v=hWAMJ7p20Os&amp;t=10s,1614020816.0
21,openmind_lookinside,1614041363,,Positivity,Perfect pick me up song,https://www.youtube.com/watch?v=U7ofnHmxE-I,1614012563.0
22,openeyes_lookaround,1614038645,,Positivity,Just look at that face ğŸ˜Šâ¤ï¸âœŒï¸,https://i.redd.it/anfpiij1c4j61.jpg,1614009845.0
23,dandaoc,1614032580,"Today I gained back the weight I lost
Today I saw my friends for the first time in years since closing myself off
Today I chose to put myself first
Today I wasnâ€™t sad anymore


Today I did it, today Iâ€™m happy.",Positivity,Today I did it,https://www.reddit.com/r/Positivity/comments/lq1rrd/today_i_did_it/,1614003780.0
24,56isaverygoodyear,1614032501,,Positivity,Today I will judge nothing ~ Positivity to the universe ~ Blessings beautiful soul ~ Day 53 ~ 2/22/2021 StRoD,https://v.redd.it/n32ryzakt3j61,1614003701.0
25,curiousPAcouple,1614017773,,Positivity,A Beautiful Situation. Living and Working On Board a 60 Foot Long X 6Foot-Ten Inches Wide Narrowboat and Continuously Cruising On The 2000 Miles of Inland Navigable Waterways. You can subscribe for free. (this is not our vlog),https://www.youtube.com/channel/UCeiXOmhaac9gwYH57kfqo2w/videos,1613988973.0
26,Onediamondfilms,1614013901,,Positivity,Things to Learn From Your Pain - Tea With HC Episode #13 (PART 1),https://youtube.com/watch?v=eODGECc5neQ&amp;feature=share,1613985101.0
27,openmind_lookinside,1614012047,,Positivity,"There may or may not be an answer, Still, Let it be",https://www.youtube.com/watch?v=HzvDofigTKQ,1613983247.0
28,openeyes_lookaround,1614010663,,Positivity,"There may or may not be an answer, Still, Let it be",https://www.youtube.com/watch?v=HzvDofigTKQ,1613981863.0
29,swati097gupta,1614005928,,Positivity,Everyday stress buster we fail to notice,https://youtu.be/l9Lhj1aQct4,1613977128.0
30,LoveToMeditate,1614005199,,Positivity,Guided Breathing For Releasing Anger &amp; Stress,https://youtu.be/BcsHIShdJW8,1613976399.0
31,omni68,1613999507,,Positivity,"Anybody here who uses Alexa may enjoy this â€œSomething Niceâ€ skill, which shares positive/ego-boosting compliments.",https://alexa-skills.amazon.com/apis/custom/skills/amzn1.ask.skill.b1852ed1-59b7-4966-bd13-dedd15cecb5f/launch,1613970707.0
32,ZombieWalkn,1613995506,"Hello my beloved friends and good morning! I hope you all have a great and productive Monday. Yâ€™all are very loved, appreciated and cherished so please donâ€™t hesitate to send me any prayer requests if you need anything! Be there for others today that arenâ€™t having a good time in their life, just a call/text can really make their day!

â€œLet love be without dissimulation. Abhor that which is evil; cleave to that which is good. Be kindly affectioned one to another with brotherly love; in honour preferring one another; Not slothful in business; fervent in spirit; serving the Lord; Rejoicing in hope; patient in tribulation; continuing instant in prayer; Distributing to the necessity of saints; given to hospitality. Bless them which persecute you: bless, and curse not. Rejoice with them that do rejoice, and weep with them that weep.â€
â€­â€­Romansâ€¬ â€­12:9-15â€¬ â€­KJVâ€¬â€¬ 

Gospel of the grace of God: I Corinthians 15: 1-4 KJVâ¤ï¸",Positivity,Monday inspiration!,https://www.reddit.com/r/Positivity/comments/lpmggl/monday_inspiration/,1613966706.0
33,RisingChadows,1613992709,,Positivity,February 22 FÃ©vrier Daily Update / Mise Ã  jour quotidienne,https://i.redd.it/oqqj43vej0j61.jpg,1613963909.0
34,AngelMa14,1613986820,,Positivity,Refreshing Blue Sky with Soothing Ambient Nature Sounds,https://youtu.be/RG1bSa1kAHE,1613958020.0
35,babybatty601,1613971919,"This isnâ€™t a motivational quote or a positive affirmation like most of the stuff on here, but something that makes me happy is hearing about what my friends are happy about. So if youâ€™re like me, hereâ€™s something Iâ€™m happy about right now, and you can reply to this post with something thatâ€™s making you happy!

I freaking love sweatshirts. My favorite one, which Iâ€™m wearing right now, is a big soft blue one from my collegeâ€™s bookstore. Sweaters make me feel so cozy and small, theyâ€™re so warm and soft! I feel extra cute when I wear a sweater and I have absolutely no body insecurities or anxieties when Iâ€™m in public when Iâ€™m wearing a sweater. I especially like the ones that you can get at schools because those could be for lounging or sport, not really for fashion, and I find that design most comfortable. Right now Iâ€™m wrapped up in a blanket, wearing my most favorite sweatshirt, and holding a squishmallow, and I am so happy. 

Now please tell me something that is making you happy today!",Positivity,I love sweatshirts,https://www.reddit.com/r/Positivity/comments/lpg4l6/i_love_sweatshirts/,1613943119.0
36,minimalismemma,1613969288,"Whenever I go through a rough patch, I will list the event on top of a sheet of paper. Then underneath I will go through all of the positive aspects or things I can be grateful for about this thing... I will go through and list them until I have covered the page... this has helped me reframe my thinking and helped me to become a much more positive person.",Positivity,When something bad happens...,https://www.reddit.com/r/Positivity/comments/lpfe1d/when_something_bad_happens/,1613940488.0
37,Brilliant_Sandwich51,1613965819,"Hi friends I made a Monday motivation episode! I would love for you guys to listen to it and give me feedback. Im new at this but I love talking to people and bringing them up! I hope this makes your day a little brighter!

https://anchor.fm/d-and-the-vip/episodes/Monday-Motivation---Its-2021-YOU-MADE-IT--You-have-a-purpose-eqo7ka",Positivity,I made a podcast to motivate you!,https://www.reddit.com/r/Positivity/comments/lpedd3/i_made_a_podcast_to_motivate_you/,1613937019.0
38,Cadaverkitten94,1613956011,,Positivity,Made of stardust.,https://i.redd.it/s6w7ycfbixi61.png,1613927211.0
39,Jealous-Scholar-4489,1613939050,,Positivity,Dealing with people who don't like me positively,https://youtu.be/7Mf61sJuNYc,1613910250.0
40,56isaverygoodyear,1613937551,,Positivity,I believe,https://i.redd.it/9and1vsfzvi61.jpg,1613908751.0
41,brightcog1000,1613924403,,Positivity,music with hemi sync for shifting,https://youtu.be/25h_d1Js4WA,1613895603.0
42,openmind_lookinside,1613919401,,Positivity,"I wanted to share a real example.. Focus on what helps you on your path, not on what holds you back. See the solutions through the problems. âœŒï¸â¤ï¸ğŸ™ I think our brother would be proud RIP third matryoshka",https://i.redd.it/z63e1i4hhui61.jpg,1613890601.0
43,seeyat,1613916644,"Because everyone has a past, good or bad. That's part of a the passage of time. Push forward, into the future with open arms and a loving heart.",Positivity,"No matter how you met your spouse or beloved friends, the love you feel now is real. It's truth and trust. Concern yourself only with where your heart is now, in this moment.",https://www.reddit.com/r/Positivity/comments/loxtll/no_matter_how_you_met_your_spouse_or_beloved/,1613887844.0
44,ZombieWalkn,1613914845,"Good morning and happy Sunday my wonderful friends! I hope everyone has a great end of their weekend! Just remember youâ€™re very loved and appreciated, donâ€™t hesitate to reach out if you need any prayer requests! Cheer up someone having a bad day and be there for them, just a smile and positivity can make someoneâ€™s day! 

â€œConsider what I say; and the Lord give thee understanding in all things. Remember that Jesus Christ of the seed of David was raised from the dead according to my gospel: Wherein I suffer trouble, as an evil doer, even unto bonds; but the word of God is not bound. Therefore I endure all things for the elect's sakes, that they may also obtain the salvation which is in Christ Jesus with eternal glory.â€
â€­â€­2 Timothyâ€¬ â€­2:7-10â€¬ â€­KJVâ€¬â€¬ 

Gospel of the grace of God: I Corinthians 15: 1-4 KJVâ¤ï¸",Positivity,Sunday inspiration for the soul!,https://www.reddit.com/r/Positivity/comments/loxa7u/sunday_inspiration_for_the_soul/,1613886045.0
45,KaraHeels1,1613905833,,Positivity,"Hi everyone, hope you all have a great day. ğŸ’š I am new so please be kind. And remember: 1. You are enough ; 2. You do enough; 3. You have enough",https://i.redd.it/5xrjrcq4dti61.jpg,1613877033.0
46,RisingChadows,1613904668,,Positivity,February 21 FÃ©vrier Daily Update / Mise Ã  jour quotidienne,https://i.redd.it/eepul8om9ti61.jpg,1613875868.0
47,Moonlight-Huntress,1613904627,"I just wanted to say thank you sincerely, Your support means more than you know for me especially since as ya'll probably already know that I suffer immensely with certain issues I've already said but I won't dwell on that and just say that I really do appreciate it and is making me realize that maybe I'm worth more than I think and tbh that's really all I wanted. To connect with other people who have similar interests as I do, can relate with the same types of issues and to also see that well...I can be worth something in the end and to make a difference. I know I still have long ways to go but we take it one day at a time and have the support of those close to us to help us along the way ğŸ’•The road's been tough not just for me but for so many I know and hopefully we can find peace and happiness in the coming future!",Positivity,To those who follow and support me!,https://www.reddit.com/r/Positivity/comments/loup3e/to_those_who_follow_and_support_me/,1613875827.0
48,jemilyme,1613877709,,Positivity,30 Days to Confidence eBook,https://www.etsy.com/ca/listing/965742453/30-days-to-confidence-ebook?ref=listing_published_alert,1613848909.0
49,openmind_lookinside,1613871674,,Positivity,"That one time when Mary was feeling paranoid, Jane kept repeating ""Think good thoughts, and things will be good"" âœŒï¸â¤ï¸",https://i.redd.it/h6afdw4kjqi61.jpg,1613842874.0
50,KundalinirRZA,1613862149,"

I'm 100% sure it was her Spirit.(light body or whatever you wanna call it.)

I've read that we aren't aware of 90% of what is going on around us. (In terms of energy, electromagnetic fields, vibrations, spirits, angels, brainwaves, wavelengths, frequencies and ect.)

Personally I believe in this especially because I've experienced a lot of events that many would consider ""weird, hallucinations, paranormal and spiritual"".

One time I was Meditating ""Buddha style"" with my eyes halfway closed and saw this huge glowing golden orb approach me.

Nowadays while thinking or talking to someone  I get to see these shining small orbs appear out of nowhere and stay there for a while. All varying in different colours. Nowadays I mostly see blue.

All of this has been happening to me since 2013 when I've started Meditating and getting really into spirituality. 

If you are interested I've made this [YouTube Video](https://youtu.be/Wl1hPZUFM3g) about which method of Meditation opened my awareness to be able to witness these sightings. Let me know your thoughts on it!",Positivity,"I went to bed to my girlfriend who just had fallen asleep a couple of minutes earlier and right after laying down I saw this glowing green orb exiting her body, coming in front of me as if it was looking at me and then reversing outside my bedroom window.",https://www.reddit.com/r/Positivity/comments/loj27h/i_went_to_bed_to_my_girlfriend_who_just_had/,1613833349.0
51,rmattar,1613853691,,Positivity,Ø¥Ø±Ø§Ø¯ØªÙƒ Ù‡ÙŠÙŠ Ø§Ù„Ø¹ØµØ§ Ø§Ù„Ø³Ø­Ø±ÙŠØ©,https://youtu.be/2LnpZOjYGko,1613824891.0
52,56isaverygoodyear,1613849250,,Positivity,"""I am"" affirmations ~ Blessings ~ Positivity to the universe day 51~ 2/20/2021 StRoD",https://youtube.com/watch?v=-JHl20yR4SI&amp;feature=share,1613820450.0
53,minimalismemma,1613847726,"Something I read about and have been trying is playing this thing called ""wouldn't it be nice if"" - so how you play is, whenever a negative thought comes to you or whenever you say something negative. Instead you turn that around and say "" but wouldn't it be nice if.."" and go with the opposite of what you said or go with something that feels a bit better. For example, the other day I didn't get an interview to the job of my dreams.. instead of getting bitter and upset I played this little game in my head. I went from ""I am so upset that I didn't get this job"" to ""wouldn't it be nice if I found a different, but even BETTER job?"" I quickly began applying to other jobs and found even better positions closer to my home!!!! Try this out!",Positivity,"Play the ""wouldn't it be nice if"" Game is LIFE CHANGING!!",https://www.reddit.com/r/Positivity/comments/loe1z3/play_the_wouldnt_it_be_nice_if_game_is_life/,1613818926.0
54,openmind_lookinside,1613838967,,Positivity,"""Enlightenment boosts itself in every reflection"" - A wise man",https://www.reddit.com/r/Positivity/comments/loasyf/enlightenment_boosts_itself_in_every_reflection_a/,1613810167.0
55,Just-A-Walker,1613838333,,Positivity,To The Lost Medieval Church in Fog,https://www.youtube.com/watch?v=RYfnHKOf3qc,1613809533.0
56,sumanash,1613836889,,Positivity,Inspiration from Confucius- Life changing thoughts,https://youtube.com/watch?v=e57M8YbmO6Q&amp;feature=share,1613808089.0
57,Jazzymay95,1613830973,"ğˆğŸ ğ²ğ¨ğ®â€™ğ«ğ ğ«ğğšğğ¢ğ§ğ  ğ­ğ¡ğ¢ğ¬, ğˆ ğ£ğ®ğ¬ğ­ ğ°ğšğ§ğ­ ğ­ğ¨ ğ¥ğğ­ ğ²ğ¨ğ® ğ¤ğ§ğ¨ğ° ğ­ğ¡ğšğ­ ğˆâ€™ğ¦ ğ©ğ«ğ¨ğ®ğ ğ¨ğŸ ğ²ğ¨ğ®.
ğ˜ğ¨ğ®â€™ğ¯ğ ğ¨ğ¯ğğ«ğœğšğ¦ğ ğ¬ğ¨ ğ¦ğ®ğœğ¡ ğ«ğğœğğ§ğ­ğ¥ğ², ğ¬ğ¨ ğ¢ğŸ ğšğ§ğ²ğ¨ğ§ğ ğ¬ğ¡ğ¨ğ®ğ¥ğ ğ›ğ ğ©ğ«ğ¨ğ®ğ ğ¨ğŸ ğ²ğ¨ğ® ğ­ğ¡ğğ§ ğ¢ğ­â€™ğ¬ ğ²ğ¨ğ®ğ«ğ¬ğğ¥ğŸ.
ğŒğšğ²ğ›ğ ğ²ğ¨ğ® ğ°ğ¨ğ¤ğ ğ®ğ© ğ²ğğ¬ğ­ğğ«ğğšğ² ğšğ§ğ ğŸğğ¥ğ­ ğ¥ğ¢ğ¤ğ ğ²ğ¨ğ® ğœğ¨ğ®ğ¥ğğ§â€™ğ­ ğğğšğ¥ ğ°ğ¢ğ­ğ¡ ğ¢ğ­ ğ›ğ®ğ­ ğ¥ğ¨ğ¨ğ¤ ğšğ­ ğ²ğ¨ğ®, ğ²ğ¨ğ® ğ°ğğ«ğ ğ¬ğ­ğ«ğ¨ğ§ğ  ğğ§ğ¨ğ®ğ ğ¡ ğ­ğ¨ ğ¬ğğ ğšğ§ğ¨ğ­ğ¡ğğ« ğğšğ² ğšğ§ğ ğˆ ğ©ğ«ğ¨ğ¦ğ¢ğ¬ğ ğ²ğ¨ğ® ğ­ğ¡ğšğ­ ğ²ğ¨ğ® ğšğ«ğ ğ¬ğ­ğ«ğ¨ğ§ğ  ğğ§ğ¨ğ®ğ ğ¡ ğ­ğ¨ ğ¬ğğ ğšğ§ğ¨ğ­ğ¡ğğ«. 
ğ’ğ¨ ğ©ğ®ğ­ ğš ğ¬ğ¦ğ¢ğ¥ğ ğ¨ğ§ ğ­ğ¡ğšğ­ ğŸğšğœğ ğšğ§ğ ğ¥ğğ­ ğ²ğ¨ğ®ğ« ğ¤ğ¢ğ§ğğ¡ğğšğ«ğ­ğğ ğ¬ğ¨ğ®ğ¥ ğ«ğšğğ¢ğšğ­ğ ğ›ğğœğšğ®ğ¬ğ ğ²ğ¨ğ® ğšğ«ğ ğš ğğ¢ğšğ¦ğ¨ğ§ğ ğšğ§ğ ğ²ğ¨ğ® ğ«ğğšğ¥ğ¥ğ² ğğ¨ğ§â€™ğ­ ğ§ğğğ ğ¦ğ ğ­ğ¨ ğ­ğğ¥ğ¥ ğ²ğ¨ğ® ğ­ğ¡ğšğ­.
ğ†ğ¨ğ ğ ğ¢ğ¯ğğ¬ ğ¡ğ¢ğ¬ ğ­ğ¨ğ®ğ ğ¡ğğ¬ğ­ ğ›ğšğ­ğ­ğ¥ğğ¬ ğ­ğ¨ ğ¡ğ¢ğ¬ ğ¬ğ­ğ«ğ¨ğ§ğ ğğ¬ğ­ ğ¬ğ¨ğ¥ğğ¢ğğ«ğ¬. 
ğ˜ğ¨ğ® ğ°ğğ«ğ ğ©ğ®ğ­ ğ¨ğ§ ğ­ğ¡ğ¢ğ¬ ğ„ğšğ«ğ­ğ¡ ğŸğ¨ğ« ğš ğ«ğğšğ¬ğ¨ğ§ ğšğ§ğ ğ¢ğŸ ğğ¯ğğ« ğ²ğ¨ğ® ğŸğğğ¥ ğ¥ğ¢ğ¤ğ ğ²ğ¨ğ® ğğ¨ğ§â€™ğ­ ğ¦ğšğ­ğ­ğğ«.. ğ°ğğ¥ğ¥ ğ²ğ¨ğ® ğ¦ğšğ­ğ­ğğ« ğ­ğ¨ ğ¦ğ.
ğŠğğğ© ğ¬ğ¡ğ¢ğ§ğ¢ğ§ğ . ğ‹ğ¨ğ¯ğ ğŸğ«ğ¨ğ¦ ğ‰ğšğ³ğ³ ğŸ’",Positivity,My Letter To You,https://www.reddit.com/r/Positivity/comments/lo83lc/my_letter_to_you/,1613802173.0
58,iamaninsect,1613830872,"Just a ramble because Iâ€™m happy. 

And Iâ€™ll preface this by saying I recognize my good fortune and privilege. I also know Iâ€™ve been a lucky duck during this pandemic, and really, over the last four years. Iâ€™m not religious, but I do believe in energies and karma. I feel the universe or the trees or SOMETHING has been watching over and protecting me. I canâ€™t take credit for everything, because I feel like things like this just donâ€™t happen the way they did for me. 

I wonâ€™t go into a huge spiel about my childhood. Iâ€™ll just note that it wasnâ€™t the greatest. It was pretty rough and to make a long story short, my mother moved us far away from my hometown when I was about 15.

I was never happy. I wound up as kind of a broken 20-something for a long time. Always chasing after things I couldnâ€™t have or that were bad for me. Getting so lost that I suddenly became an addict. Couch surfing, unable to hold down a job, lost all my friends, and eventually my car. My health wasnâ€™t exactly at its best either, and worst of all, my family and I were barely talking anymore. I was just too much of a mess and at the time my little brother was only about 8. I couldnâ€™t let him witness his big sister in such a sad place. 

It was the day my car died that I decided to scrap it for $300, took what little money and belongings I had, and trekked for four days on a Greyhound bus. (Not before getting so drunk and high the night before that I almost missed that bus, mind you, lol).

Looking back on that I donâ€™t even know how Iâ€™m still alive some days. It was very dangerous to do that as a woman by herself with a lot of luggage. We drove through and stopped at all these shady stations in the bad spots of major cities. But I made it to my destination unscathed, and even the arrival has an insane story that Iâ€™ll save for another time. 

Once I arrived, I found some old family friends to live with, because I didnâ€™t have close family or friends anymore (I had gone back to my childhood town). I got my feet firmly planted and started getting my shit together. I detoxed on the bus (again, HOW am I alive). I found a job within three weeks and started within a month. 

I worked as a temporary data entry clerk for about six months, when a permanent position opened up that perfectly matched my skill sets and experience. I knew I had a killer resume and could knock that interview out of the park.

And I did. 

And Iâ€™m still there. Even through this pandemic Iâ€™m still working full time. 

Iâ€™m even collecting bonuses. In the past two pay periods, Iâ€™ve collected appx $2300 net in bonuses, and Iâ€™ve been saving money to boot. 

I looked at my account yesterday and cried because Iâ€™ve never seen so much. Itâ€™s not even that much. Itâ€™s not enough to put a down payment on a house or anything. 

But I can now move back to my family. As extremely bittersweet as itâ€™ll be to leave such an amazing job that Iâ€™ve been at for almost four years. To go back to a piddly job that probably wonâ€™t pay more than $12/hour. Starting from the bottom all over again. But itâ€™s necessarily to be with them. And to help out during quarantines if necessary. My brother and I have such a good relationship now. Heâ€™s 14 and I want to watch him grow into adulthood. I feel like I can be part of the family again. 

Iâ€™m trying to keep this positive mindset going because I know starting over will be so annoying and such a huge step back. Iâ€™m gonna lose a lotttttt that I worked so hard for. But it needs to happen. The distance is too far and the pandemic has made it way too difficult to visit. 

But I just wanted to kind of bask in the fact that Iâ€™ve worked my way up to this level and I never thought Iâ€™d ever be up here. It isnâ€™t some major goal like graduating university or being accepted to NASA or buying a home. Itâ€™s just the stability and knowing what Iâ€™m capable of that kind of made me feel proud of myself for the first time like... ever. 

I know leaving will be hard, but I also know that Iâ€™ve done it before. So Iâ€™m positive I can do it again.",Positivity,I am very proud of myself for the first time in a very long time,https://www.reddit.com/r/Positivity/comments/lo82g4/i_am_very_proud_of_myself_for_the_first_time_in_a/,1613802072.0
59,openmind_lookinside,1613827881,,Positivity,ğŸ¤©â¤ï¸ğŸ™âœŒï¸,https://i.redd.it/cehz5l7cxmi61.jpg,1613799081.0
60,ZombieWalkn,1613826949,"Hello my beloved friends and happy Saturday! I hope everyone has a great and relaxing weekend! You all are very loved, cherished and appreciated! Please donâ€™t hesitate to reach out if you need any prayer requests! Be a blessing to someone in need today, just call/text can really brighten someoneâ€™s day!

â€œLet not your heart be troubled: ye believe in God, believe also in me. In my Father's house are many mansions: if it were not so, I would have told you. I go to prepare a place for you. And if I go and prepare a place for you, I will come again, and receive you unto myself; that where I am, there ye may be also. And whither I go ye know, and the way ye know. Thomas saith unto him, Lord, we know not whither thou goest; and how can we know the way? Jesus saith unto him, I am the way, the truth, and the life: no man cometh unto the Father, but by me.â€
â€­â€­Johnâ€¬ â€­14:1-6â€¬ â€­KJVâ€¬â€¬

Gospel of the grace of God: I Corinthians 15: 1-4 KJVâ¤ï¸",Positivity,Saturday inspiration!,https://www.reddit.com/r/Positivity/comments/lo6xf7/saturday_inspiration/,1613798149.0
61,RisingChadows,1613819224,,Positivity,February 20 FÃ©vrier Daily Update / Mise Ã  jour quotidienne,https://i.redd.it/1e1co7mj7mi61.jpg,1613790424.0
62,ortsa22,1613805972,,Positivity,"Today I accepted a job as an RN in the ICU. I feel like my smile is not genuine in a lot of pictures of myself...well, this smile is 100% genuineâ˜ºï¸",https://i.redd.it/s2725y264li61.jpg,1613777172.0
63,nshapira,1613798916,,Positivity,A Beginnerâ€™s Guide to Positivity: 2 Things to Avoid and 2 Things to Ad,https://boxbybox.me/blogs/all/positivity-blog?utm_source=reddit&amp;utm_medium=reddit,1613770116.0
64,langdon_alger_jr,1613789109,"Hey so apparently it's my cake day. Idk where to post this so I'm gonna try this subreddit. 

How the year has flown by. It's been a wild ride the past 12 months and I'd like to say some stuff. The pandemic has been tough, and I'm proud of all who read this for surviving it so far. Everyone fights different battles, and I'm proud of you for winning yours. Even if you're not done i still believe in you. I've had some serious downs and I'm finally starting to feel some ups for the first time in my life so that's kinda cool. Take a second and just reminisce, maybe cry a little bit about your life before this. Appreciate it. You can lament the time you've wasted over the pandemic, but what matters is you learn how to use it better in the future instead of continuing to take it for granted. Anyways idk where this all came from I'd just like to say I'm grateful to all you redditors out there, you've helped me make it through this rough year. Here's to many more, hope you're all doing well, and have a great next year.",Positivity,Woah a cake day post,https://www.reddit.com/r/Positivity/comments/lnxb64/woah_a_cake_day_post/,1613760309.0
65,lamingtontea,1613787722,,Positivity,How did you go this week? â¤ï¸,https://i.redd.it/q7swvklwlji61.png,1613758922.0
66,openmind_lookinside,1613784603,,Positivity,"Good, bad? Who's to say? If you don't keep jumping, you'll never learn how to swim.",https://i.redd.it/y8b5zxfncji61.jpg,1613755803.0
67,openmind_lookinside,1613784513,,Positivity,"Good, bad? Who's to say? If you don't keep jumping, you'll never learn how to swim.",https://i.redd.it/uh491qtdcji61.jpg,1613755713.0
68,lifehacktips,1613780811,,Positivity,Cherish your memories and be happy,https://i.redd.it/ycrv6ojr6ii61.jpg,1613752011.0
69,mindsetmandy,1613780595,,Positivity,Take some time to rest &amp; heal with this 5 minute Healing Meditation â¤ï¸ You deserve it,https://youtu.be/eKNqYIesw9g,1613751795.0
70,56isaverygoodyear,1613776636,,Positivity,"Sending blessings, peace calm and serenity and gifting a few minutes of natural beauty ~ Positivity to the universe day 50 ~ 2-19-2021 ~StRoD",https://v.redd.it/0zjyx25ynii61,1613747836.0
71,brightcog1000,1613757808,,Positivity,Meditation music for shifting,https://youtu.be/6sVOgaHhLEc,1613729008.0
72,Healthisway,1613754157,,Positivity,Sometimes itâ€™s the little things,https://i.redd.it/6xhf4p24ugi61.jpg,1613725357.0
73,rgalvan90802,1613752890,,Positivity,"2020 has been rough, i wrote a poem about it and how it changed me for the better",https://www.youtube.com/watch?v=ztC1HQyleGM&amp;feature=youtu.be,1613724090.0
74,AngelMa14,1613750737,,Positivity,Soothing Tranquility,https://youtu.be/dF5JK_0Arek,1613721937.0
75,anthony83265,1613750544,No matter the hardships you are going through at the moment there is always a tommorow.,Positivity,Tomorrow Is Always a New Day!,https://www.reddit.com/r/Positivity/comments/lnjbj7/tomorrow_is_always_a_new_day/,1613721744.0
76,openmind_lookinside,1613745865,,Positivity,"Be aware of all you ingest whether it be through the mind, ears, eyes, or mouth. You become what you digest especially when you're unaware. â¤ï¸âœŒï¸ğŸ™",https://globalnews.ca/news/4194106/440-hz-conspiracy-music/amp/,1613717065.0
77,MaxSiberia,1613744053,,Positivity,1 Hour of Winter Relax Video with Calming River Sounds,https://www.youtube.com/watch?v=yWZuSroWOaI,1613715253.0
78,openmind_lookinside,1613742187,,Positivity,Love Is Life,https://www.youtube.com/watch?v=FHdPRP8ouo8,1613713387.0
79,ZombieWalkn,1613738987,"Itâ€™s Friday yay!!! Good morning everyone and I hope you all have a great and relaxing day and weekend! Remember yâ€™all are very loved, cherished and appreciated! Please send me any prayer requests if you need anything! Donâ€™t forget to spend quality time with loved ones today and be a blessing in their lives!

â€œPut on therefore, as the elect of God, holy and beloved, bowels of mercies, kindness, humbleness of mind, meekness, longsuffering; Forbearing one another, and forgiving one another, if any man have a quarrel against any: even as Christ forgave you, so also do ye. And above all these things put on charity, which is the bond of perfectness.â€
â€­â€­Colossiansâ€¬ â€­3:12-14â€¬ â€­KJVâ€¬â€¬ 

Gospel of the grace of God: I Corinthians 15: 1-4 KJVâ¤ï¸",Positivity,Happy Friday!,https://www.reddit.com/r/Positivity/comments/lnf38e/happy_friday/,1613710187.0
80,AmbientNortheast,1613737525,,Positivity,Ducks Floating By on the Harbor,https://youtu.be/IXIaNXzKtxg,1613708725.0
81,Icy_Butterscotch1193,1613736653,it's perfectly okay to be lazy for awhile! there's plenty of time to be productive! (oË˜â—¡Ë˜o),Positivity,little reminder!,https://www.reddit.com/r/Positivity/comments/lneet3/little_reminder/,1613707853.0
82,Jamesruey,1613726239,,Positivity,Look for the positive side and you will always have more !,https://i.redd.it/2xducgddiei61.png,1613697439.0
83,RisingChadows,1613725496,,Positivity,February 19 FÃ©vrier Daily Update / Mise Ã  jour quotidienne,https://i.redd.it/vc3yuddugei61.jpg,1613696696.0
84,houbisworld,1613723072,,Positivity,You are unique and loved. Don't forget that.,https://www.reddit.com/r/Positivity/comments/lnatrs/you_are_unique_and_loved_dont_forget_that/,1613694272.0
85,rewsn,1613720729," 

Hello,

So I'm having a case where I moved to a new place for a new job pursuing better career opportunities and I got some inner values conflict, that starts with...

\- too low salary (but I'm entry-level 2nd month yet), high working hours (startup) &amp; screen time

\- Distrust in myself. (career-wise I'm not sure how many years I have to dedicated to becoming a manager to get paid. + I feeling pressured at work to deliver doesn't help)

\- relationship with GF (there's sometimes doubts so we conflict)

\- household sharing with unknown people and life in a new place in general

\- friends and family that want attention (I don't get pressure), but still I get offers and calls (that costs time), and working long hours and having bad time managing skills requires to cut that attention. It's sad.

\- some BIG rumination on my insecurities, being pity about myself, having unhealthy ego battles about comparing to other people, and more...

Like, you get it there's a lot of going on my mind. IT'S ALWAYS ARE.

I'm not even sure what could be a dealbreaker here.

Even now I'm writing before work because I was snapped out of a dream and reflected 2 hours. 6hours of sleep instead of 8.30 will definitely affect my performance. BUT I wouldn't have time (due to work, travel &amp; household) to share if It wasn't for this.

SO despite my work performance will go down. THERE's a good thing - that reflection on a dream symbolism gave me some guidelines on the relationship puzzle to solve. And this reflection gives me some confidence that I'm: getting answers, know what I'm doing, have control in my life. When I'm not doing that and only working I feel down and I still procrastinate work and think about some of my life aspects that I'm worried about.

The thing is WHEN I focus on my feelings, inner reflection, and build the whole life picture I LOSE energy that is time and that affects my work results. When it affects my results I'm being pressured and micromanaged more. AND this is a natural consequence as I'm getting paid to deliver and concentrate on work as it's said ""It's not personal, it's just business"" so no feelings in work.

This whole situation is a big deal for me and its deal to live with it, somehow it's too damn hard.

**tl;dr**

**HOW do you find inner balance when choosing: WORK vs. other responsibilities vs. You &amp; your mental health?**",Positivity,HOW do you find inner balance when choosing: WORK vs. other responsibilities vs. You &amp; your mental health?,https://www.reddit.com/r/Positivity/comments/lna7or/how_do_you_find_inner_balance_when_choosing_work/,1613691929.0
86,seeyat,1613702962,Today and every day. I love you. There are others in this world who love you. Your world loves you.,Positivity,You are loved.,https://www.reddit.com/r/Positivity/comments/ln4pn9/you_are_loved/,1613674162.0
87,Shay-Love,1613702163,,Positivity,A Poem A Day - Original,https://shaylovewriting.com/a-poem-a-day/,1613673363.0
88,dumb_adz,1613698776,I MIGHT BE GETTING ENROLLED IN SCHOOL! I MIGHT!!! IM SO HAPPY WISH ME LUCK!!,Positivity,SOMETHING AMAZING IS HAPPENING /POS,https://www.reddit.com/r/Positivity/comments/ln3b5j/something_amazing_is_happening_pos/,1613669976.0
89,Icy_Adhesiveness_340,1613694911,"I had recently did a questionnaire on what my future is and she had to print out a talisman but she said this "" I have designed this talisman just for you print it out and put it under your pillow"" so I  searched up what a talisman is and it said ""A talisman is any object ascribed with religious or magical powers intended to protect, heal, or even harm individuals for whom they are made. Talismans are often portable objects carried on someone in a variety of ways, but can also be installed permanently in architecture. "" But she made that talisman for me so is she trying to harm me. Someone please help me figure this out. Please and thank you.",Positivity,Elissa the psychic is she real,https://www.reddit.com/r/Positivity/comments/ln1ztd/elissa_the_psychic_is_she_real/,1613666111.0
90,openmind_lookinside,1613693423,,Positivity,"Before seeking for something out there, Look inside yourself. If it's not a part of you already, then how could you give it to another? This applies to all emotions whether they are active or dormant. Activate what YOU want instead of becoming a reaction someone else wants",https://i.redd.it/lvh9ptwitbi61.jpg,1613664623.0
91,molclair,1613688093,,Positivity,ğŸ’– ğŸ“¸ IG: mollyclairdesign,https://i.redd.it/k72zq8codbi61.jpg,1613659293.0
92,lockdowninspired,1613681463,,Positivity,Life In Lockdown,https://www.empathtoempath.co.uk/post/life-in-lockdown,1613652663.0
93,LoveToMeditate,1613679188,,Positivity,How To Cope With Pandemic Anxiety &amp; Depression (soft spoken),https://youtu.be/svAPir7smkA,1613650388.0
94,openmind_lookinside,1613670712,,Positivity,âœŒï¸â¤ï¸ğŸ™,https://i.redd.it/0y79xyozx9i61.jpg,1613641912.0
95,Cadaverkitten94,1613670140,,Positivity,The best revenge is happiness.,https://i.redd.it/2kk79bz4w9i61.jpg,1613641340.0
96,brightcog1000,1613668444,,Positivity,Reality shifting meditation music,https://youtu.be/1J28dFu9Vcs,1613639644.0
97,56isaverygoodyear,1613667101,,Positivity,Positive words with Music Scott Buckley ~ The Spaces Between,https://youtube.com/watch?v=dZ_vDylSlhk&amp;feature=share,1613638301.0
98,Infinitianss,1613655630,"The Right Understanding inevitably leads to the right actions in life.

[https://infinitians.com/take-right-action/](https://infinitians.com/take-right-action/)",Positivity,"Whatever field you are acting in, be it your career, your relationships, or your health; you gotta start collecting the correct information, which is based on facts and figures and not on speculations, accusations, imaginations, illusions, or beliefsâ€”to take the right actions.",https://www.reddit.com/r/Positivity/comments/lmn03p/whatever_field_you_are_acting_in_be_it_your/,1613626830.0
99,ZombieWalkn,1613651012,"Hello and good morning my beloved friends! I hope you all have a great Thursday! Itâ€™s almost Friday so hang in there! Iâ€™m always here for yâ€™all so please donâ€™t hesitate to reach out if you need any prayer requests! Be a blessing to others around you today, just a call/text can mean the world to someone!

â€œFor I know the thoughts that I think toward you, saith the Lord, thoughts of peace, and not of evil, to give you an expected end. Then shall ye call upon me, and ye shall go and pray unto me, and I will hearken unto you. And ye shall seek me, and find me, when ye shall search for me with all your heart.â€
â€­â€­Jeremiahâ€¬ â€­29:11-13â€¬ â€­KJVâ€¬â€¬ 

Gospel of the grace of God: I Corinthians 15: 1-4 KJVâ¤ï¸",Positivity,Morning inspiration!,https://www.reddit.com/r/Positivity/comments/lmllo1/morning_inspiration/,1613622212.0
100,RisingChadows,1613634058,,Positivity,February 18 FÃ©vrier Daily Update / Mise Ã  jour quotidienne,https://i.redd.it/3okamu9yw6i61.jpg,1613605258.0
101,10Piwakawaka,1613632852,,Positivity,F1 Champ Lewis Hamilton knows what is most important,https://v.redd.it/nwfc01let6i61,1613604052.0
102,AlejandroSiCa,1613627396,"For me it is being able to spend the day with my mother and seeing my family everyday at home. 2020 was tough, but it is important to be thankful for such details in life that sometimes we just forget have such big meaning. Love your close ones and stay positive :)",Positivity,Whatâ€™s one thing you do in your daily life thatâ€™s become more meaningful?,https://www.reddit.com/r/Positivity/comments/lmf53h/whats_one_thing_you_do_in_your_daily_life_thats/,1613598596.0
103,minimalismemma,1613622793,"Something I tried out recently was the ""gratitude rock"" and for those of you who don't know- you grab a rock- preferably a smooth one- that you can put in your pocket and every time you touch it you think of something you are grateful for. It's a lot of fun and I really love using it every day!! It is keeping me in an attitude of gratitude and in a good and positive vibration.",Positivity,Gratitude Rock,https://www.reddit.com/r/Positivity/comments/lmdrwi/gratitude_rock/,1613593993.0
104,lamingtontea,1613620260,,Positivity,May you be as cozy as the dog in my houseplant game ğŸŒ±â¤ï¸,https://i.redd.it/1jpcue4xr5i61.gif,1613591460.0
105,witchyolive,1613617165,"Along with the rest of the world, Iâ€™ve been in a rut this last year. Even before that, Iâ€™ve been depressed since my late teens, Iâ€™m now 30. I donâ€™t have the success I wish I had and am just dissatisfied and disappointed with my life. Today during work, I listened to a podcast interview with Salma Hayek, super random. The dam thing inspired me beyond words. She and the host spoke about mindset and even discussed simulations. I donâ€™t know what did it but something clicked in my brain. I decided starting tomorrow from the moment I wake up, Iâ€™m changing my narrative. Iâ€™m no longer â€œwoe is meâ€, I am no longer complaining and wishing my life to pass me by. I told myself today would be the last day to say goodbye to the negativity and then the change begins. Wish me luck!",Positivity,Tomorrow is my fresh start.,https://www.reddit.com/r/Positivity/comments/lmc1fy/tomorrow_is_my_fresh_start/,1613588365.0
106,56isaverygoodyear,1613610679,,Positivity,You Matter ~ Blessings beautiful soul ~ Positivity to the universe day 48~ 2/17/2021 StRoD,https://i.redd.it/rs5evk8hz4i61.jpg,1613581879.0
107,darkestchocolate,1613606225,that I love you all â¤ï¸,Positivity,Just a reminder,https://www.reddit.com/r/Positivity/comments/lm8g0h/just_a_reminder/,1613577425.0
108,Orionthemayan,1613605265,,Positivity,"I borrowed this from r/memes but IDC! ITâ€™S WHOLESOME. I love you, fellas!",https://i.redd.it/jaaepbxdj4i61.jpg,1613576465.0
109,lifehacktips,1613604073,,Positivity,Work Life Balance makes you feel positive,https://i.redd.it/hdzxh9g4b4i61.jpg,1613575273.0
110,openeyes_lookaround,1613602634,,Positivity,ğŸ˜†ğŸ¤©â¤ï¸âœŒï¸,https://i.redd.it/50nlakbkb4i61.jpg,1613573834.0
111,witchofjavaland,1613594808,,Positivity,A cat named Stevie Nicks and her Pink Toebeans,https://www.reddit.com/gallery/lm48j6,1613566008.0
112,Onediamondfilms,1613591439,,Positivity,How To Adapt (ADAPTABILITY FOR CHANGING TIMES!),https://youtube.com/watch?v=n60ijInNv1U&amp;feature=share,1613562639.0
113,Winstonian87,1613591115,,Positivity,2021 has been tough and made this to empower people to conquer their fears this year and stay positive!,https://youtu.be/LEKpM_x9P3U,1613562315.0
114,Careful-Ad-404,1613590440,,Positivity,"All things considered, this IS the best pandemic thus far. Do you agree?",https://youtu.be/Iq7mOGs5YZ8,1613561640.0
115,DazzlingTreat1451,1613589817,,Positivity,Something for everybody.,https://i.redd.it/qnu0m0ag93i61.jpg,1613561017.0
116,lockdowninspired,1613587470,,Positivity,A Million Blessings With Visual Alchemy,https://www.empathtoempath.co.uk/post/world-the-creations,1613558670.0
117,lifehealthrelax,1613512780,,Positivity,5 beautiful quotes from your favorite authors.,https://youtube.com/watch?v=-omhPy_lPxQ&amp;feature=share,1613483980.0
118,ManevolentBeans,1613509235,,Positivity,"When you feel like youâ€™re being held back, just remember...",https://i.redd.it/hkb3kr5ulwh61.jpg,1613480435.0
119,ZombieWalkn,1613479705,"Hello my friends and happy Tuesday! I hope yâ€™all have a great and productive day! Remember yâ€™all are very loved, appreciated and cherished! Please send me any prayer requests. Donâ€™t forget to cheer up someone thatâ€™s having a bad day and be a blessing in their life!

â€œAs the hart panteth after the water brooks, so panteth my soul after thee, O God. My soul thirsteth for God, for the living God: when shall I come and appear before God? My tears have been my meat day and night, while they continually say unto me, Where is thy God? When I remember these things, I pour out my soul in me: for I had gone with the multitude, I went with them to the house of God, with the voice of joy and praise, with a multitude that kept holyday.â€
â€­â€­Psalmsâ€¬ â€­42:1-4â€¬ â€­KJVâ€¬â€¬ 

Gospel of the grace of God: I Corinthians 15: 1-4 KJVâ¤ï¸",Positivity,Morning post 2/16,https://www.reddit.com/r/Positivity/comments/ll3443/morning_post_216/,1613450905.0
120,LoveToMeditate,1613478719,,Positivity,Motivational Affirmations For Succeeding In Your Goals,https://youtu.be/p67yn1OvBT0,1613449919.0
121,ltakamiya,1613465589,,Positivity,Often times itâ€™s tough to rid ourselves of anxieties that get under our skin. I chose these feel-good acoustic instrumentals intended to lift our spirits and give our thoughts a break. Feel free to give it a try!,https://open.spotify.com/playlist/0pBInHYKJEEAjKMCfpzZco?si=RSPtOc-ER--dJAx5nWLxkg,1613436789.0
122,RisingChadows,1613465051,,Positivity,February 16 FÃ©vrier Daily Update / Mise Ã  jour quotidienne,https://i.redd.it/xiv7hx1fysh61.jpg,1613436251.0
123,Multievolution,1613452512,"The anime in question was Shirobako, the premise was about making anime, the characters all work hard and it felt very organic, the past few months Iâ€™ve been hit and miss on writing, and hit a slump not feeling what I was writing was what I wanted, truth be told I still have a long way to go before Iâ€™m happy to say Iâ€™m a writer, but if nothing else Iâ€™m going to keep pushing towards my goals no matter how impossible people say they are (myself included) I wonâ€™t be so presumptuous to say that it will work for everyone but I highly recommend it to those who are in similar slumps, also if nothing else remember if your lucky enough to have a dream just keep fighting for it, even against yourself if you have to, and should you achieve it or take steps in the right direction or even just need a pep talk remember this place is always open.",Positivity,Surprisingly an anime motivated me back into writing,https://www.reddit.com/r/Positivity/comments/lkwm98/surprisingly_an_anime_motivated_me_back_into/,1613423712.0
124,JKSPodcast,1613449189,,Positivity,Just Keep Swimming Podcast!! Check It Out Now!!!,https://www.buzzsprout.com/1569166,1613420389.0
125,56isaverygoodyear,1613433083,,Positivity,You matter ~ Blessings beautiful soul ~ Positivity to the universe day 46 ~ 2/15/2021 StRoD,https://i.redd.it/4thzlu3ebqh61.jpg,1613404283.0
126,hallofffate,1613425779,,Positivity,Remove Negative Energy From Home | Clear Negative Energy In And Around You | Banish Evil Spirits,https://youtu.be/7yn8pL92gwc,1613396979.0
127,lifehealthrelax,1613420250,,Positivity,Words of Wisdom About Life,https://youtube.com/watch?v=5pAM3UYIL9A&amp;feature=share,1613391450.0
128,Cadaverkitten94,1613417179,,Positivity,This is beautiful.,https://i.redd.it/tyoew3y30ph61.jpg,1613388379.0
129,lockdowninspired,1613416556,,Positivity,We Are All Influencers.,https://www.empathtoempath.co.uk/post/we-are-all-influencers,1613387756.0
130,Dmarielove123,1613415158,Playing games and vaping while working with angry people all day helps me remain sane. Lofi too. I need my lofihiphop. Hope everyone is having a great day. ğŸ˜Š,Positivity,Calm,https://www.reddit.com/r/Positivity/comments/lkk7wi/calm/,1613386358.0
131,T6ushh,1613414893,Hey everyone! My name is TJ iâ€™m a 22M from Dallas! New to the group looking to make some more friends feel free dm me so we can connect! I love talking to people!,Positivity,Hey!,https://www.reddit.com/r/Positivity/comments/lkk4kf/hey/,1613386093.0
132,Onediamondfilms,1613413533,,Positivity,The Purpose of Being Real With Yourself | Tea With HC Episode #12,https://youtube.com/watch?v=8ETSyFJpFjU&amp;feature=share,1613384733.0
133,T6ushh,1613411759,,Positivity,Because sunrises always make the day better,https://v.redd.it/2q6k56dwjoh61,1613382959.0
134,LoveToMeditate,1613409908,,Positivity,Find Your Happy Place - Guided Meditation (soft spoken),https://youtu.be/XfvFxEA1M5c,1613381108.0
135,Kickstarterz,1613405636,,Positivity,"Look for something positive everyday, even if some days you need to look a little harder.",http://kickstarterz.co.uk/positivity/how-to-create-a-positive-mindset/,1613376836.0
136,smooth_grooves,1613404601,,Positivity,"Smooth and upbeat instrumentals featuring many production styles and artistic expressions, the soundtrack for a relaxing and productive day. Shuffle and enjoy~~",https://open.spotify.com/user/1215224467/playlist/28hLyn3dYE70ZOKye24IhI,1613375801.0
137,ZombieWalkn,1613393682,"Good morning and happy Monday my friends! I hope you all have a wonderful and productive day. Remember you guys are very dear and cherished to me! Please send me any prayer requests if you all need anything! Donâ€™t forget to do something kind and nice for your fellow neighbor!

â€œNow God himself and our Father, and our Lord Jesus Christ, direct our way unto you. And the Lord make you to increase and abound in love one toward another, and toward all men, even as we do toward you: To the end he may stablish your hearts unblameable in holiness before God, even our Father, at the coming of our Lord Jesus Christ with all his saints.â€
â€­â€­1 Thessaloniansâ€¬ â€­3:11-13â€¬ â€­KJVâ€¬â€¬ 

Gospel of the grace of God: I Corinthians 15: 1-4 KJVâ¤ï¸",Positivity,Morning post 2/15,https://www.reddit.com/r/Positivity/comments/lkd42v/morning_post_215/,1613364882.0
138,T6ushh,1613381235,[removed],Positivity,Please share,https://www.reddit.com/r/Positivity/comments/lka4sk/please_share/,1613352435.0
139,RisingChadows,1613378476,,Positivity,February 15 FÃ©vrier Daily Update / Mise Ã  jour quotidienne,https://i.redd.it/x17tyv4zslh61.jpg,1613349676.0
140,Impressive_Fondant_1,1613366247,,Positivity,Wrong Number Phone Calls,https://youtu.be/koC0DJykLsE,1613337447.0
141,DazzlingTreat1451,1613365544,,Positivity,AngeÌ€lia Grace singing a Prayer for Peace in an Angelic language,https://youtube.com/watch?v=fOWQNTLDN-A&amp;feature=share,1613336744.0
142,minimalismemma,1613364846,"Every day, I look for things that make me feel happier, feel more positive and feel better. I try to focus on the things I appreciate in every day life and it makes me a much better and happier person. When my vibration starts to dip, I turn to something else and try to focus on something better!! Super simple tip, but very powerful.",Positivity,Appreciation Rampage,https://www.reddit.com/r/Positivity/comments/lk62jt/appreciation_rampage/,1613336046.0
143,DazzlingTreat1451,1613354956,,Positivity,For Ash youâ€™re definitely worth it!,https://i.redd.it/82b1bia3vjh61.jpg,1613326156.0
144,mgldi,1613353383,,Positivity,Be your own damn valentine,https://i.redd.it/9i6tnwx6aih61.jpg,1613324583.0
145,DazzlingTreat1451,1613347601,,Positivity,Sad soul.,https://i.redd.it/2xv5mxx79jh61.jpg,1613318801.0
146,HarveySykes6,1613344274,,Positivity,The MORNING Routine You NEED To Boost MOTIVATION and PRODUCTIVITY!,https://megscoffeebreak.com/2021/02/14/the-morning-routine-you-need-as-a-student-to-boost-motivation-and-productivity-megscoffeebreak/,1613315474.0
147,sadbitchezclub,1613344080,,Positivity,confident day,https://www.reddit.com/gallery/ljzs7a,1613315280.0
148,fartymcsparks,1613343760,,Positivity,Do the thing,https://i.redd.it/o591whssxih61.jpg,1613314960.0
149,ShadaePrincess,1613338522,,Positivity,Inspirational quotes about being easy to forgive eachother and move on. Thx pls comment on yt. And feel free to sub if you find it interesting. Thanks all.,https://youtu.be/J8-vWIW92iI,1613309722.0
150,ZombieWalkn,1613335549,"Happy Valentineâ€™s Day my friends and have a great Sunday! I hope everyone has a great end of their weekend and gets to spend time with their loved ones. Make sure to get plenty of rest and relaxation before a long work/school week. Yâ€™all are very dear and precious to me so please send me any prayer requests if you need anything! Be a blessing to those in need, just a call/text can really brighten someoneâ€™s day!

â€œWhen my father and my mother forsake me, then the Lord will take me up. Teach me thy way, O Lord, and lead me in a plain path, because of mine enemies. Deliver me not over unto the will of mine enemies: for false witnesses are risen up against me, and such as breathe out cruelty. I had fainted, unless I had believed to see the goodness of the Lord in the land of the living. Wait on the Lord: be of good courage, and he shall strengthen thine heart: wait, I say, on the Lord.â€
â€­â€­Psalmsâ€¬ â€­27:10-14â€¬ â€­KJVâ€¬â€¬ 

Gospel of the grace of God: I Corinthians 15: 1-4 KJVâ¤ï¸",Positivity,Afternoon post 2/14/2021,https://www.reddit.com/r/Positivity/comments/ljwypz/afternoon_post_2142021/,1613306749.0
151,BiohakYourBody,1613334748,,Positivity,"Happy Love Day my beautiful soulsâ¤ I'm streaming a LOVE healing #meditation, please join me",https://youtube.com/watch?v=2jUACeWUiig&amp;feature=share,1613305948.0
152,DazzlingTreat1451,1613333189,,Positivity,My LoveğŸ©¸,https://i.redd.it/mqoijb5d2ih61.jpg,1613304389.0
153,gilkaz,1613329596,,Positivity,Everything Needs To Stop Being Unprecedented,https://damnoptimist.substack.com/p/everything-needs-to-stop-being-unprecedented,1613300796.0
154,56isaverygoodyear,1613324056,,Positivity,"Progress not Perfection ~ Blessings beautiful soul ~ Positivity to the universe day 45 ~ 2/14/21 ~ After my 56 years on this earth; the universe recently gifted us some time, my goal: submerse my self in positivity. ğŸ™ƒ I am seeing progress, thought I would share ~ Peace, love and prosperity ~ StRoD",https://v.redd.it/5enorl4gahh61,1613295256.0
155,brightcog1000,1613323295,,Positivity,Relaxing music with hemi sync technology,https://youtu.be/PS6J5hr5WAE,1613294495.0
156,Cadaverkitten94,1613319002,,Positivity,You're responsible for your own happiness.,https://i.redd.it/rq30poi6wgh61.jpg,1613290202.0
157,openeyes_lookaround,1613316217,,Positivity,Be Love,https://i.redd.it/q86tkedwngh61.jpg,1613287417.0
158,antimaximalist,1613316097,,Positivity,10 Reasons to Love Yourself,https://www.antimaximalist.com/love-for-yourself/,1613287297.0
159,openeyes_lookaround,1613309009,,Positivity,Thereâ€™s no such thing as too much compassion,https://www.reddit.com/gallery/ljob95,1613280209.0
160,openeyes_lookaround,1613308776,,Positivity,â€œBe kind whenever possible. It is always possibleâ€,https://i.redd.it/k0bxrexr1gh61.jpg,1613279976.0
161,openeyes_lookaround,1613307947,,Positivity,"â€œI'll give a little bit of my life for you, So give a little bit Give a little bit of your time to meâ€",https://i.redd.it/w8gdqk3bzfh61.jpg,1613279147.0
162,openeyes_lookaround,1613307297,,Positivity,You are worthy. You are perfect just the way you are.,https://i.redd.it/rot6hpkdxfh61.jpg,1613278497.0
163,openeyes_lookaround,1613306455,,Positivity,ğŸ™ƒ â€œLife is too important to be taken seriouslyâ€,https://i.redd.it/era0r9evufh61.jpg,1613277655.0
164,MrClansman1,1613305740,,Positivity,Let your thoughts be carried away by waves :),https://m.youtube.com/watch?v=wgSzUYLVJlI,1613276940.0
165,reachingdelphi,1613293426,,Positivity,My heart will go on.,https://i.redd.it/o6qtgf84seh61.jpg,1613264626.0
166,atishgarg10,1613285346,,Positivity,Always Remain Positive | How To Stay Positive In Lock Down | Always Be P...,https://youtube.com/watch?v=TfsbjiEZ-LE&amp;feature=share,1613256546.0
167,rover_brando,1613280620,"First post.

I understand it is in human nature to find the negative of the world interesting. I am intrigued myself. 
Well after years of chasing the negative, I began to realize I should stop allowing myself to be drawn into anything that has a ""negative energy"". People, places, jobs, ect. 

Fast forward to a few years of discipline and focus.
It is funny how the removal of toxicity has created a mindset of abundance and happiness. I see so many people still ""stuck"" and it saddens me to think that their negligence is holding them back from seeing the world from a healthier perspective. 

I feel as humans we are naturally always heading towards the negative (because this is the path of least resistance) and to become positive you must use your energy in ways that help breakdown the negative resistance. This is in the form of habits. 

Replace all negative habits with habits that allow you to grow. Do the work, trust the process. If you follow that simple rule anything is achievable. It requires persistence, patience and perseverance. 

Simply, life is worth living and the better you become the more you get to enjoy. It's all for the taking and being a positive energy is the catalyst that will bring all riches into your life.",Positivity,Why does humanity search for destruction over beauty...,https://www.reddit.com/r/Positivity/comments/lji9ex/why_does_humanity_search_for_destruction_over/,1613251820.0
168,jobbythrowaway1,1613273130,,Positivity,Comedian Theo Von on Anxiety,https://youtu.be/F9cMlMbdecE,1613244330.0
169,lifehacktips,1613266403,,Positivity,Self love tips,https://i.redd.it/x9soxy7wqbh61.jpg,1613237603.0
170,56isaverygoodyear,1613255304,,Positivity,"""Outside factors do not dictate my self-worth ~ I am more than worthy ~ I am more than valuable ~ I am more than enough"" ~ Blessings beautiful soul ~ and here are 5 min &amp; 21 seconds of peace for you ~ Positivity to the universe day 44 ~ 2/13/2021 ~ StRoD",https://v.redd.it/9wblfw69mbh61,1613226504.0
171,brightcog1000,1613247309,,Positivity,Meditation music with hemi sync technology,https://youtu.be/fZMp-sl03pA,1613218509.0
172,Cadaverkitten94,1613242996,,Positivity,Always help if you can.,https://i.redd.it/04le7ed6mah61.jpg,1613214196.0
173,openeyes_lookaround,1613240257,,Positivity,For love,https://i.redd.it/ctj3eq21eah61.jpg,1613211457.0
174,openeyes_lookaround,1613240095,,Positivity,For you,https://i.redd.it/08xishsjdah61.jpg,1613211295.0
175,openeyes_lookaround,1613239828,,Positivity,The one thing no one can take from you is how you choose to react. Most importantly internal reaction.,https://i.redd.it/u7nfk2arcah61.jpg,1613211028.0
176,Just-A-Walker,1613233684,,Positivity,Snow Walk At The Frozen Lakes,https://www.youtube.com/watch?v=eEs1trVvVG8,1613204884.0
