url,title,time,narrative
https://rappler.com/newsbreak/in-depth/new-case-extrajudicial-killing-marikina,"Victim plays dead: In Marikina, a new case of ‘extrajudicial killing’",,"JUSTICE FOR KIM.” Posted a few steps away was a tarpaulin screaming the same, but with a label for Kim: “EXTRAJUDICIAL KILLING VICTIM.
bag"
https://rappler.com/nation/extrajudicial-killing-victim-marikina-burial-community-braces-for-war,"As Marikina ‘EJK’ victim is buried, his community braces for war",,"extrajudicial killing
All of us are shouting justice now. The Lord is also shouting. 'Justice!' One of his commandments is 'Do not kill.' We are with God in shouting 'Do not kill. Stop the killings’,
good conduct"
https://rappler.com/newsbreak/iq/minors-college-students-victims-war-on-drugs-duterte,"LIST: Minors, college students killed in Duterte's  drug war",,they came from behind.
https://rappler.com/nation/kian-delos-santos-memorial-caloocan-ejk-victims,"Kian memorial is for all EJK victims, too",,
https://rappler.com/nation/sws-survey-filipinos-worry-becoming-ejk-victim,4 out of 5 Filipinos worry over extrajudicial killings – SWS,,
https://www.google.com/url?client=internal-element-cse&cx=0a1edc7cadfc7b033&q=https://rappler.com/newsbreak/in-depth/pnp-number-deaths-daily-duterte-administration&sa=U&ved=2ahUKEwiH6b-Q-LXrAhUTM94KHbYABn8QFjAFegQIABAC&usg=AOvVaw2kHWJT3dIvazec3e1x8PUt,At least 33 killed daily in the Philippines since Duterte assumed office,,"prevent the victim from divulging detrimental information to the drug trade.
heated arguments and misunderstanding, personal gain, hatred, revenge, land dispute, love triangle, family feud, atrocities, lust, work-related, road rage, and others.
Because abroad, DUI meant driving under the influence [of alcohol],"
https://www.google.com/url?client=internal-element-cse&cx=0a1edc7cadfc7b033&q=https://rappler.com/nation/photos-video-baclaran-church-crucifix-jesus-extrajudicial-killings&sa=U&ved=2ahUKEwiH6b-Q-LXrAhUTM94KHbYABn8QFjAGegQIBhAC&usg=AOvVaw1WWsb5g_ypxBlszegPeMI7,LOOK: Baclaran Church reminds faithful Jesus was an EJK victim too,,
https://www.google.com/url?client=internal-element-cse&cx=0a1edc7cadfc7b033&q=https://rappler.com/nation/filipinos-see-many-human-rights-abuses-drug-war-sws-survey-december-2019&sa=U&ved=2ahUKEwiH6b-Q-LXrAhUTM94KHbYABn8QFjAHegQIAxAC&usg=AOvVaw1w2YgSs5Iiq9rNRib2xNO1,Big majority of Filipinos see 'many' human rights abuses in Duterte's drug war – SWS,,"many
In the course of the administration’s war on illegal drugs, would you say that the number of abuses of human rights, for example the Extrajudicial Killings or EJKs, has been… (Very many, Somewhat many, Only a few, or Very few)?
human rights crisis"
https://www.google.com/url?client=internal-element-cse&cx=0a1edc7cadfc7b033&q=https://rappler.com/nation/mass-sacrificial-victims-duterte-drug-war&sa=U&ved=2ahUKEwiH6b-Q-LXrAhUTM94KHbYABn8QFjAIegQIARAC&usg=AOvVaw0ndKZsSL7PpBA6e1XrnllE,Mass held for 'sacrificial victims' in war vs drugs,,
https://www.google.com/url?client=internal-element-cse&cx=0a1edc7cadfc7b033&q=https://rappler.com/nation/sws-survey-extrajudicial-killings-december-2016&sa=U&ved=2ahUKEwiH6b-Q-LXrAhUTM94KHbYABn8QFjAJegQIAhAC&usg=AOvVaw2a1gjUez4NXi_h7F-iaz9c,Most Filipinos 'worried' about summary killings – SWS poll,,
https://www.google.com/url?client=internal-element-cse&cx=0a1edc7cadfc7b033&q=https://rappler.com/nation/duterte-asks-god-let-extrajudicial-killings-victims-go-to-heaven&sa=U&ved=2ahUKEwjFnN_u-bXrAhWOEqYKHTW8AAI4ChAWMAB6BAgAEAI&usg=AOvVaw0FqTYIZMBN7t9BdHQGYSxk,Duterte asks God: Let EJK victims go to heaven,,
https://www.google.com/url?client=internal-element-cse&cx=0a1edc7cadfc7b033&q=https://rappler.com/newsbreak/iq/extrajudicial-killings-philippines-drug-war-patterns&sa=U&ved=2ahUKEwjFnN_u-bXrAhWOEqYKHTW8AAI4ChAWMAF6BAgBEAI&usg=AOvVaw2gd7BXMxoN9J6n1qvHJ748,"In the PH drug war, it's likely EJK when...",,unprecedented
https://www.google.com/url?client=internal-element-cse&cx=0a1edc7cadfc7b033&q=https://rappler.com/voices/thought-leaders/confronting-extrajudicial-killings-duterte&sa=U&ved=2ahUKEwjFnN_u-bXrAhWOEqYKHTW8AAI4ChAWMAJ6BAgEEAI&usg=AOvVaw10LC49NQrXc2ZOZtuK4gM6,Confronting extrajudicial killings under Duterte,,"Drug pusher, huwag tularan.” Like the activists during Arroyo’s time, suspected drug users and dealers are subject to public villification through “Oplan Tokhang."
https://www.google.com/url?client=internal-element-cse&cx=0a1edc7cadfc7b033&q=https://rappler.com/nation/harry-roque-de-lima-gascon-hypocrisy&sa=U&ved=2ahUKEwjFnN_u-bXrAhWOEqYKHTW8AAI4ChAWMAN6BAgFEAI&usg=AOvVaw1o0PXKiIG6F-F5Fbnw1KqE,"Roque slams De Lima, Gascon for 'hypocrisy' on EJKs",,
https://www.google.com/url?client=internal-element-cse&cx=0a1edc7cadfc7b033&q=https://rappler.com/nation/duterte-drug-war-pushes-families-victims-severe-poverty&sa=U&ved=2ahUKEwjFnN_u-bXrAhWOEqYKHTW8AAI4ChAWMAR6BAgGEAI&usg=AOvVaw3r4PLY11u7ucAtcRE6-d-y,Duterte's drug war pushes victims' families deeper into poverty,,"male adults within productive age range, primary breadwinners, low- or irregular-wage earners, of low educational attainment, and residents of urban poor communities."
https://www.google.com/url?client=internal-element-cse&cx=0a1edc7cadfc7b033&q=https://rappler.com/nation/thousand-candles-ejk-drug-war-killings-all-souls-day&sa=U&ved=2ahUKEwjFnN_u-bXrAhWOEqYKHTW8AAI4ChAWMAV6BAgHEAI&usg=AOvVaw3mZv1nX0r_1J-Go2OmalAj,"1,000 candles lit for EJK victims on All Souls' Day",,
https://www.google.com/url?client=internal-element-cse&cx=0a1edc7cadfc7b033&q=https://rappler.com/newsbreak/iq/timeline-philippines-pnp-deaths-under-investigation&sa=U&ved=2ahUKEwjFnN_u-bXrAhWOEqYKHTW8AAI4ChAWMAZ6BAgIEAE&usg=AOvVaw02mcfY2Z0YGuiGg0ulfRJQ,TIMELINE: The PNP's use of the term 'deaths under investigation',,
https://www.google.com/url?client=internal-element-cse&cx=0a1edc7cadfc7b033&q=https://rappler.com/nation/de-lima-fears-being-victim-extrajudicial-killing-in-prison&sa=U&ved=2ahUKEwjFnN_u-bXrAhWOEqYKHTW8AAI4ChAWMAd6BAgJEAI&usg=AOvVaw0zqpWLt-kVuDvs94GQ9amK,De Lima fears being another 'EJK victim' once in prison,,
https://www.google.com/url?client=internal-element-cse&cx=0a1edc7cadfc7b033&q=https://rappler.com/nation/negros-killings-death-comes-unprovoked&sa=U&ved=2ahUKEwjFnN_u-bXrAhWOEqYKHTW8AAI4ChAWMAh6BAgCEAI&usg=AOvVaw1fTS94c89pTIXLDVY4Ipvy,Death comes unprovoked upon Negros Island,,"There were dozens of them surrounding the village – all armed and masked. We could only see the print on their shirts that says ‘Police,’
I heard 3 gunshots,
I can’t believe it. It was nothing to them. It was like killing a pig or a stray dog to them,
He should’ve not come home,
They are really angry with us. I think it is because of our family’s involvement in the peasant organization,
Oplan Sauron,
resisted arrest” and were killed after they “engaged in a shootout
suppress lawless violence” in the provinces in Negros, Samar, and Bicol “in order to prevent further loss of innocent lives.
They did not knock. They just entered and woke us up.
Everyone was shouting. They told us to go out of the house. I ran and chased my daughter, who hurried outside because of fear of the armed men,
They told us to go inside the chapel,” she said. “We were so terrified. I was worried because my husband was still inside the house.
3 gunshots were fired.
Why? Why my husband?” One of the policemen answered, “Because he is a leader of the communist rebels.
all state-sponsored.
These killings are part of the intensified campaign against alleged supporters of the revolutionary movement,
is not far from the method that they are using in the government’s anti-narcotics campaign.
gave the police and military justification to conduct an illegal search, arrest, and even killing.
Then after a series of the so-called legitimate operations, they will use death squads to liquidate more unarmed civilians, mostly peasant leaders and allies of peasant organizations,
was just issued to legalize the killings.
The first victim of the extrajudicial killings in Negros since Duterte came to power was Alexander Ceballos on January 20, 2017,” she said. “After that incident, dozens of civilians, whom in one way or another had supported the plight of the farmers in Negros,
did not make the headlines because the murders were done one by one on different occasions.
to resolve the series of killings” that they consider “to be crime incidents.
unfolding cycle of violence
total disregard for the primacy and sanctity of human life.
So much blood has already been spilled…. The blood of those killed cries to be heard. It calls out to our basic humanity to be one with those who have been afflicted by this violence,
toll the church bells
In the stillness of the night, the tolling of the bells signifies our communion as Church. We are to remember those who have gone before us – including those whose lives have been snuffed by these killings – they, who are our brothers and sisters,
pray the Oratio Imperata to end the killings
killing of another human being especially without due process… is inhumane, immoral, a violation of human right, and a grievous offense against God.
It is not for me to say who really are responsible for all the killings...but if it is committed by those entrusted with the sacred duty to defend life and rights, the killing becomes even more abominable.
avoid any militarist strategy” and instead “embrace the pathways to peace” through “socio-economic reforms.
Peace cannot be achieved by guns or by killing fellow Filipinos. Once more, we, with the rest of the Filipino people, resonate the call to end the killings and to resume the peace talks,
Since the results [of Oplan Sauron] were good,” it will continue “not just in Negros but throughout the country.
violence” that orphaned her children “will not hinder us from seeking justice.” She admitted that she is afraid, but added that she has “the spirit to continue the fight for the right to life."
https://www.google.com/url?client=internal-element-cse&cx=0a1edc7cadfc7b033&q=https://rappler.com/nation/sws-survey-war-on-drugs-march-2017&sa=U&ved=2ahUKEwjFnN_u-bXrAhWOEqYKHTW8AAI4ChAWMAl6BAgDEAI&usg=AOvVaw0GTr_NUCW8M7sKQMttyN9K,'Satisfaction' with war on drugs drops – SWS survey,,
https://www.google.com/url?client=internal-element-cse&cx=0a1edc7cadfc7b033&q=https://rappler.com/nation/drug-war-killings-philippines-threshold-crimes-against-humanity-amnesty-international-report&sa=U&ved=2ahUKEwjY8ZWI-rXrAhVMyYsBHedKAp44FBAWMAB6BAgCEAI&usg=AOvVaw3WsWhsSVVB-lnG4e236oYu,PH drug war killings reach 'threshold of crimes against humanity' – report,,"Police reports that describe the circumstances of their loved one’s death are necessary for challenging the police’s version of events,” the report said. “As such, building a case almost always hinges upon the sharing of documents by police, which is now a dead end.
adopt a resolution to create an independent, impartial and effective investigation into human rights violations in the context of the ‘war on drugs,’ including into the commission of crimes under international law, to establish the facts and circumstances, and take steps toward ensuring justice for the victims and their families."
https://www.google.com/url?client=internal-element-cse&cx=0a1edc7cadfc7b033&q=https://rappler.com/newsbreak/iq/numbers-statistics-philippines-war-drugs&sa=U&ved=2ahUKEwjY8ZWI-rXrAhVMyYsBHedKAp44FBAWMAF6BAgIEAI&usg=AOvVaw15qCuN9ZWuU1W8ilHdz_Ae,IN NUMBERS: The Philippines' 'war on drugs',,
https://www.google.com/url?client=internal-element-cse&cx=0a1edc7cadfc7b033&q=https://rappler.com/nation/man-shot-hung-bridge-talisay-cebu&sa=U&ved=2ahUKEwjY8ZWI-rXrAhVMyYsBHedKAp44FBAWMAJ6BAgJEAI&usg=AOvVaw2CEBwBrsUjBj-L56VKHE4o,Man shot and hung on Talisay City bridge,,"notorious
If it were vigilantes, they would have sent warnings ahead of time but there were none,"
https://www.google.com/url?client=internal-element-cse&cx=0a1edc7cadfc7b033&q=https://rappler.com/newsbreak/in-depth/davao-death-squad-rodrigo-duterte-chr-resolution&sa=U&ved=2ahUKEwjY8ZWI-rXrAhVMyYsBHedKAp44FBAWMAN6BAgHEAI&usg=AOvVaw1IG6aMo2DJetgZCwkohaY9,Davao Death Squad: What ever happened to the investigations?,,"probable cause” and recommended that the Office of the Ombudsman investigate the “possible administrative and criminal liability
Son of a bitch, this is not the one.
distinct pattern” of killings – victims “usually involved or suspected to have been involved
expensive” – was an indication of the “officially-sanctioned character of the killings,
dearth of evidence to support a finding of direct compliance,” the Commission pointed out the “systematic failure
solved.
a real and immediate threat.
clearly disregarded
The continuing pattern of killings and the failure to conduct a meaningful investigation of such incidents can be construed as tolerance on the part of the authorities of the crimes, thereby contributing to the climate of impunity,
seem very popular with the publics in Davao and Cebu.
Mayors Duterte and [Tomas] Osmeña clearly condone the killings – which have not hurt their political standing in the slightest and apparently given them some bounce in popularity.
possible administrative and criminal liability of Duterte for his inaction in the face of evidence of numerous killings committed in Davao City and his toleration of the commission of those offenses.
serious, impartial, and effective investigation
possible omissions, negligence, and obstructions of justice
definitely in reaction to Duterte’s victory."
https://www.google.com/url?client=internal-element-cse&cx=0a1edc7cadfc7b033&q=https://rappler.com/nation/kalookan-bishop-david-walk-for-life-extrajudicial-killings&sa=U&ved=2ahUKEwjY8ZWI-rXrAhVMyYsBHedKAp44FBAWMAR6BAgFEAI&usg=AOvVaw3aEZEm7PHgr0mDTwd5B4qL,"Bishop slams vigilantes as 'termites,' 'new Judases'",,
https://www.google.com/url?client=internal-element-cse&cx=0a1edc7cadfc7b033&q=https://rappler.com/nation/negros-occidental-lawmaker-charged-extrajudicial-killings&sa=U&ved=2ahUKEwjY8ZWI-rXrAhVMyYsBHedKAp44FBAWMAV6BAgDEAI&usg=AOvVaw3mZTQDwmc7lDQGaDR6smfk,Negros Occidental lawmaker faces trial for extrajudicial killings,,"the witnesses disclosed that Yap supplied the CPP-NPA Command of its logistical needs and alleged that Yap exercised considerable influence over the Command.
The sworn statement [by witnesses] is given the presumption of credibility absent any showing that they are motivated by ill-will,
This Office is inclined to believe that that motive for these crimes were political,"
https://www.google.com/url?client=internal-element-cse&cx=0a1edc7cadfc7b033&q=https://rappler.com/nation/one-extrajudicial-killing-ejk-duterte-administration-pnp&sa=U&ved=2ahUKEwjY8ZWI-rXrAhVMyYsBHedKAp44FBAWMAZ6BAgEEAI&usg=AOvVaw0cUzh4FElB1nfXIORYQ4OG,'No case' of extrajudicial killing under Duterte – PNP,,
https://www.google.com/url?client=internal-element-cse&cx=0a1edc7cadfc7b033&q=https://www.rappler.com/previous-articles%3FfilterMeta%3Ddrug-related%2520victims&sa=U&ved=2ahUKEwjY8ZWI-rXrAhVMyYsBHedKAp44FBAWMAd6BAgGEAE&usg=AOvVaw1XQRgeRu6KfJb_3eS0_de5,Page not found,,
https://www.google.com/url?client=internal-element-cse&cx=0a1edc7cadfc7b033&q=https://rappler.com/nation/pnp-says-sws-did-survey-wrong-about-filipinos-ejk&sa=U&ved=2ahUKEwjY8ZWI-rXrAhVMyYsBHedKAp44FBAWMAh6BAgBEAI&usg=AOvVaw1cXa8ZQwx2xCnqBHQZ8iPY,"Filipinos afraid of EJK? SWS did survey wrong, says PNP",,
https://www.google.com/url?client=internal-element-cse&cx=0a1edc7cadfc7b033&q=https://rappler.com/nation/pnoy-escalante-extrajudicial-killings&sa=U&ved=2ahUKEwjY8ZWI-rXrAhVMyYsBHedKAp44FBAWMAl6BAgAEAI&usg=AOvVaw3FeJK8E-PM4res3Otlz0WD,PNoy urged to act on Escalante extrajudicial killings,,
https://www.google.com/url?client=internal-element-cse&cx=0a1edc7cadfc7b033&q=https://rappler.com/nation/duterte-government-tally-drug-war-deaths-before-sona-2019&sa=U&ved=2ahUKEwj2pO-f-rXrAhVBCqYKHdzaA4w4HhAWMAB6BAgDEAI&usg=AOvVaw0ihvsbps40Z3gk312WdRNQ,"Duterte gov't tally: Drug war deaths top 5,500 before SONA 2019",,
https://www.google.com/url?client=internal-element-cse&cx=0a1edc7cadfc7b033&q=https://www.rappler.com/previous-articles%3FfilterMeta%3D%2522extrajudicial%2520killings%2522&sa=U&ved=2ahUKEwj2pO-f-rXrAhVBCqYKHdzaA4w4HhAWMAF6BAgHEAE&usg=AOvVaw3hcMPTj8Md7h0VJWSsRA8s,Page not found,,
https://www.google.com/url?client=internal-element-cse&cx=0a1edc7cadfc7b033&q=https://rappler.com/nation/women-widows-mothers-fight-drug-war-killed&sa=U&ved=2ahUKEwj2pO-f-rXrAhVBCqYKHdzaA4w4HhAWMAJ6BAgIEAE&usg=AOvVaw3E4Sr9DtsKKjFYo_asN5zj,"Women fighting: Widows, mothers of drug war casualties come together",,"He was never a burden to us,
Other victims are scared,” Nanette said. “I want them to be empowered, I want mothers to be enlightened. You have to stand up because you are victims, you have nothing to be afraid of. And even if you aren’t victims, you should speak up.
claw their way out of bereavement, anger, marginalization, and poverty.
It’s the women who will be picking up the breadwinner's mantle and teaching the children how to cope with grief and anger, with dignity and honor. It will take feisty and consistent female courage to take this administration, and perpetrators and enablers, to account,
This is why you can’t bully me, Duterte. I cannot be bullied
How do I defend my son who did not even do anything wrong?
The female factor is the trust given to you by mothers because they know you can relate – which I dont see with their relations with male lawyers. They are stiff and formal with male lawyers, but with women lawyers they are relaxed,
He doesn't listen because he's a populist, and we only have one, two, three [women speaking out]. If 5,000, 10,000 women would pester him, things might change,
Mothers and daughters share empathy differently,
WoManlaban"
https://www.google.com/url?client=internal-element-cse&cx=0a1edc7cadfc7b033&q=https://rappler.com/nation/amado-picardal-priest-threats-davao-death-squad&sa=U&ved=2ahUKEwj2pO-f-rXrAhVBCqYKHdzaA4w4HhAWMAN6BAgJEAI&usg=AOvVaw0KWq2-6LFMf5cvw9EL59KK,Activist priest recounts 'close call' with death squad,,"This regime has nothing to gain in creating a martyr so those behind the project should think twice before carrying out their evil plan,
a life of solitude, silence, and prayer"
https://www.google.com/url?client=internal-element-cse&cx=0a1edc7cadfc7b033&q=https://rappler.com/nation/duterte-de-lima-extrajudicial-killings-senate-hearing&sa=U&ved=2ahUKEwj2pO-f-rXrAhVBCqYKHdzaA4w4HhAWMAR6BAgEEAI&usg=AOvVaw2exPweTqKIQmii_GaXKpyW,Duterte to De Lima: Prove I was behind deaths in Davao,,
https://www.google.com/url?client=internal-element-cse&cx=0a1edc7cadfc7b033&q=https://rappler.com/nation/frustrated-murder-complaint-agdangan-quezon-police-extrajudicial-killing-roger-herrero&sa=U&ved=2ahUKEwj2pO-f-rXrAhVBCqYKHdzaA4w4HhAWMAV6BAgAEAI&usg=AOvVaw0QAyJdRR9TKfIPKPrCsgt_,Quezon cops face charges over attempted EJK of pedicab driver,,"claims and facts” by the policemen “do not jibe
After hearing the abductors say that Pareja had admitted to them his involvement in crimes, he thought it best to admit his involvement with Pareja. He then realized that Pareja had betrayed him,
Sensing that something bad will be done unto him, he pleaded that his life be spared for the sake of his young children, but as it is, he was shot in the head close range. He dropped to the ground and was left for dead,
Sir Spidido” on a piece of paper and the word “salvaging
absent any evidence showing any reason or motive for complainant and witnesses to perjure, the logical conclusion is that no such improver motive exists."
https://www.google.com/url?client=internal-element-cse&cx=0a1edc7cadfc7b033&q=https://rappler.com/newsbreak/in-depth/duterte-drug-war-extrajudicial-killings-criticism-rejection-denials-yearend-2017&sa=U&ved=2ahUKEwj2pO-f-rXrAhVBCqYKHdzaA4w4HhAWMAZ6BAgBEAI&usg=AOvVaw3PK0I2uXPkCT6vnBTsUCdz,Drug war in 2017: The year of deaths and denials,,serious violations committed as part of a large-scale attack against any civilian population.
https://www.google.com/url?client=internal-element-cse&cx=0a1edc7cadfc7b033&q=https://rappler.com/nation/philippines-lawmakers-message-christmas-2017&sa=U&ved=2ahUKEwj2pO-f-rXrAhVBCqYKHdzaA4w4HhAWMAd6BAgCEAI&usg=AOvVaw2o-58vfL2sa2vPDvxH3h0t,Lawmakers' Christmas wish? Justice for EJK victims,,
https://www.google.com/url?client=internal-element-cse&cx=0a1edc7cadfc7b033&q=https://rappler.com/nation/in-photos-drug-war-victims-kin-prayers&sa=U&ved=2ahUKEwj2pO-f-rXrAhVBCqYKHdzaA4w4HhAWMAh6BAgFEAI&usg=AOvVaw0UkPb8QJELmxKNH_hMB_16,IN PHOTOS: Kin of drug war victims gather in prayer on Valentine's Day,,
https://www.google.com/url?client=internal-element-cse&cx=0a1edc7cadfc7b033&q=https://rappler.com/nation/iba-zambales-residents-fear-missing-men-latest-extrajudicial-killings-victims&sa=U&ved=2ahUKEwj2pO-f-rXrAhVBCqYKHdzaA4w4HhAWMAl6BAgGEAI&usg=AOvVaw0rYnAxPQr2qKR3opT9ObFC,Iba residents fear 3 missing men latest victims of EJK,,
https://www.google.com/url?client=internal-element-cse&cx=0a1edc7cadfc7b033&q=https://rappler.com/nation/duterte-investigate-killings-drug-war&sa=U&ved=2ahUKEwiCnLm5-rXrAhWLHqYKHXPCCcY4KBAWMAB6BAgDEAI&usg=AOvVaw0qZC055un63AQM23zipA3i,Duterte: We will investigate mysterious killings,,
https://www.google.com/url?client=internal-element-cse&cx=0a1edc7cadfc7b033&q=https://rappler.com/nation/human-rights-day-2018-groups-call-accountability-violations-duterte&sa=U&ved=2ahUKEwiCnLm5-rXrAhWLHqYKHXPCCcY4KBAWMAF6BAgHEAI&usg=AOvVaw1FfksXQR3AFG0nIufvkwjf,"On Human Rights Day, groups call for accountability vs violations under Duterte",,"In order to realize our full potential as Filipinos we must be equally relentless in pursuing social justice and the rule of law,"
https://www.google.com/url?client=internal-element-cse&cx=0a1edc7cadfc7b033&q=https://rappler.com/moveph/un-grills-aquino-government-on-continued-political-killings&sa=U&ved=2ahUKEwiCnLm5-rXrAhWLHqYKHXPCCcY4KBAWMAJ6BAgIEAI&usg=AOvVaw17c3h_-DJZpnRI8JuHzOfv,UN grills PNoy govt on continued political killings,,"The Aquino administration needs to implement enforceable and time-bound measures to end abuses and ensure that those who commit them are prosecuted,"
https://www.google.com/url?client=internal-element-cse&cx=0a1edc7cadfc7b033&q=https://rappler.com/nation/cop-marikina-accused-murder-planting-evidence-ejk-case&sa=U&ved=2ahUKEwiCnLm5-rXrAhWLHqYKHXPCCcY4KBAWMAN6BAgJEAI&usg=AOvVaw0BS3QkanwWmx7P8xAKhrTf,"Marikina cop accused of murder, planting evidence in ‘EJK’ case",,"extrajudicial killing
5 to 7 witnesses"
https://www.google.com/url?client=internal-element-cse&cx=0a1edc7cadfc7b033&q=https://rappler.com/newsbreak/fact-check/inquirer-pieta-photo-raffy-lerma-michael-siaron-pnp&sa=U&ved=2ahUKEwiCnLm5-rXrAhWLHqYKHXPCCcY4KBAWMAR6BAgCEAI&usg=AOvVaw3rysSBMsQUhM2fLoyo2PJK,FACT CHECK: Did Inquirer say man in 'Pietà' photo was killed by PNP?,,
https://www.google.com/url?client=internal-element-cse&cx=0a1edc7cadfc7b033&q=https://rappler.com/nation/families-war-on-drugs-victims-new-complaint-international-criminal-court-vs-duterte&sa=U&ved=2ahUKEwiCnLm5-rXrAhWLHqYKHXPCCcY4KBAWMAV6BAgGEAI&usg=AOvVaw3RVZLc0Uvi8qBvdgwtZyA4,Duterte faces new complaint before Int'l Criminal Court,,
https://www.google.com/url?client=internal-element-cse&cx=0a1edc7cadfc7b033&q=https://rappler.com/nation/randy-echanis-one-of-stabbing-victims-quezon-city&sa=U&ved=2ahUKEwiCnLm5-rXrAhWLHqYKHXPCCcY4KBAWMAZ6BAgFEAI&usg=AOvVaw2i3WHcf-9g2gQzMGdQtTUL,Lawyer confirms Randy Echanis is one of QC stabbing victims,,
https://www.google.com/url?client=internal-element-cse&cx=0a1edc7cadfc7b033&q=https://rappler.com/nation/philippines-president-duterte-do-not-allow-extrajudicial-killings&sa=U&ved=2ahUKEwiCnLm5-rXrAhWLHqYKHXPCCcY4KBAWMAd6BAgEEAE&usg=AOvVaw0VpGqKkhVimPRE7Sin30YL,Duterte on killings: Do you think I enjoy that?,,
https://www.google.com/url?client=internal-element-cse&cx=0a1edc7cadfc7b033&q=https://rappler.com/nation/undas-2017-drug-war-victims-killings-justice&sa=U&ved=2ahUKEwiCnLm5-rXrAhWLHqYKHXPCCcY4KBAWMAh6BAgAEAI&usg=AOvVaw3Ym4f6aoZnLQtxSRuxrylO,Undas 2017: 'Drug war victims crying for justice',,
https://www.google.com/url?client=internal-element-cse&cx=0a1edc7cadfc7b033&q=https://rappler.com/newsbreak/in-depth/justice-elusive-war-on-drugs-duterte-second-year&sa=U&ved=2ahUKEwiCnLm5-rXrAhWLHqYKHXPCCcY4KBAWMAl6BAgBEAI&usg=AOvVaw2mi-LrL40IVy7-h_twYGBx,Climate of fear: Justice remains elusive 2 years into Duterte's drug war,,
https://www.google.com/url?client=internal-element-cse&cx=0a1edc7cadfc7b033&q=https://rappler.com/nation/bishop-extrajudicial-killings-crime-huwag-papatay&sa=U&ved=2ahUKEwjWs8vQ-rXrAhUQO3AKHfHhCAk4MhAWMAB6BAgAEAI&usg=AOvVaw29LjCsfiaGxs_-nqTgUEif,Manila bishop on killings: Crime can't stop crime,,
https://www.google.com/url?client=internal-element-cse&cx=0a1edc7cadfc7b033&q=https://rappler.com/newsbreak/iq/timeline-killings-in-negros&sa=U&ved=2ahUKEwjWs8vQ-rXrAhUQO3AKHfHhCAk4MhAWMAF6BAgJEAI&usg=AOvVaw09UYMWJ8FHCnNyzavLQTjd,TIMELINE: Killings in Negros,,
https://www.google.com/url?client=internal-element-cse&cx=0a1edc7cadfc7b033&q=https://rappler.com/moveph/families-extrajudicial-killings-victims-christmas-not-same&sa=U&ved=2ahUKEwjWs8vQ-rXrAhUQO3AKHfHhCAk4MhAWMAJ6BAgIEAI&usg=AOvVaw1uA5zYs7uk_NzybF6zNAg1,"For families of EJK victims, Christmas will no longer be the same",,
https://www.google.com/url?client=internal-element-cse&cx=0a1edc7cadfc7b033&q=https://rappler.com/voices/thought-leaders/comparing-extrajudicial-killings-philippines-united-states&sa=U&ved=2ahUKEwjWs8vQ-rXrAhUQO3AKHfHhCAk4MhAWMAN6BAgHEAI&usg=AOvVaw0efV5Wo_s02tpdzQ9GpeZK,Comparing extrajudicial killings in the Philippines and US,,browning
https://www.google.com/url?client=internal-element-cse&cx=0a1edc7cadfc7b033&q=https://rappler.com/nation/mr-ms-pup-engineering-pageant-canceled-extrajudicial-killings&sa=U&ved=2ahUKEwjWs8vQ-rXrAhUQO3AKHfHhCAk4MhAWMAR6BAgEEAI&usg=AOvVaw3tcDWq9AlvNN1F_2UwO0m2,PUP engineering dean: Pageant canceled over EJK-themed pics,,
https://www.google.com/url?client=internal-element-cse&cx=0a1edc7cadfc7b033&q=https://rappler.com/nation/different-undas-remembrance-victims-drug-war-sampaloc&sa=U&ved=2ahUKEwjWs8vQ-rXrAhUQO3AKHfHhCAk4MhAWMAV6BAgDEAE&usg=AOvVaw0mzOr43GpW5z2zR9ljOM16,A different Undas: Remembering the victims of the drug war,,"For the first time, I am able to speak without others judging me. I am with people who understand me.
comparable to none,” Mananzan said. “The only people who could comprehend your pain are the same people who experienced it.
Now we can joke around and talk about things other than our trauma,
Juana Change,"
https://www.google.com/url?client=internal-element-cse&cx=0a1edc7cadfc7b033&q=https://rappler.com/nation/de-lima-undas-extrajudicial-killings-too-loud-to-ignore&sa=U&ved=2ahUKEwjWs8vQ-rXrAhUQO3AKHfHhCAk4MhAWMAZ6BAgGEAI&usg=AOvVaw2YixYHNvOaNHv4MBb36Pvf,"De Lima on Undas: Cries, pleas of thousands killed 'too loud to ignore'",,
https://www.google.com/url?client=internal-element-cse&cx=0a1edc7cadfc7b033&q=https://rappler.com/nation/police-shoot-dead-farmer-agusan-del-norte-coronavirus&sa=U&ved=2ahUKEwjWs8vQ-rXrAhUQO3AKHfHhCAk4MhAWMAd6BAgFEAI&usg=AOvVaw3MK1XmXEFHBbbnzThQYQhq,Police shoot dead farmer who attacks them at Agusan del Norte checkpoint,,"Someone who would be arrested could be subdued without having to use a firearm,"
https://www.google.com/url?client=internal-element-cse&cx=0a1edc7cadfc7b033&q=https://rappler.com/newsbreak/in-depth/duterte-year-4-climate-fear-impunity-blocks-justice-drug-war-victims&sa=U&ved=2ahUKEwjWs8vQ-rXrAhUQO3AKHfHhCAk4MhAWMAh6BAgCEAI&usg=AOvVaw3CGLOD4uYbccHOnJJQP8sZ,"4 years on, climate of fear and impunity blocks justice for Duterte’s drug war victims",,a little bit of a glimmer of hope
https://www.google.com/url?client=internal-element-cse&cx=0a1edc7cadfc7b033&q=https://rappler.com/nation/ombudsman-fact-finding-investigation-kian-loyd-delos-santos-death&sa=U&ved=2ahUKEwjWs8vQ-rXrAhUQO3AKHfHhCAk4MhAWMAl6BAgBEAI&usg=AOvVaw17PONVExxkNFl9ygzvjqK1,Ombudsman starts own probe into Kian delos Santos' death,,
https://www.google.com/url?client=internal-element-cse&cx=0a1edc7cadfc7b033&q=https://rappler.com/newsbreak/iq/philippines-president-rodrigo-duterte-statements-shoot-to-kill-drug-war&sa=U&ved=2ahUKEwi9yKrm-rXrAhXkKKYKHWpEBLE4PBAWMAB6BAgAEAI&usg=AOvVaw0Qb4xfDW_0f0eAHXis6Deg,Shoot to kill? Duterte's statements on killing drug users,,
https://www.google.com/url?client=internal-element-cse&cx=0a1edc7cadfc7b033&q=https://rappler.com/nation/malacanang-tells-fr-amado-picardal-file-writ-amparo&sa=U&ved=2ahUKEwi9yKrm-rXrAhXkKKYKHWpEBLE4PBAWMAF6BAgIEAI&usg=AOvVaw3-lAnEHwruJ74m-53WqznJ,Malacañang tells activist priest to file writ of amparo,,
https://www.google.com/url?client=internal-element-cse&cx=0a1edc7cadfc7b033&q=https://rappler.com/nation/more-families-complaint-policemen-ombudsman-extrajudicial-killings&sa=U&ved=2ahUKEwi9yKrm-rXrAhXkKKYKHWpEBLE4PBAWMAN6BAgJEAI&usg=AOvVaw0e11x9PF3CYBe5lBs4gMxY,"Despite fear, more families file EJK complaints",,
https://www.google.com/url?client=internal-element-cse&cx=0a1edc7cadfc7b033&q=https://rappler.com/nation/human-rights-groups-statements-conviction-kian-delos-santos-killers&sa=U&ved=2ahUKEwi9yKrm-rXrAhXkKKYKHWpEBLE4PBAWMAR6BAgFEAI&usg=AOvVaw2ejXfsXBfsC1QZ8_WZKBLN,Gov't urged to ensure justice for other victims like Kian delos Santos,,
https://www.google.com/url?client=internal-element-cse&cx=0a1edc7cadfc7b033&q=https://rappler.com/nation/human-rights-groups-statements-conviction-kian-delos-santos-killers&sa=U&ved=2ahUKEwi9yKrm-rXrAhXkKKYKHWpEBLE4PBAWMAR6BAgFEAI&usg=AOvVaw2ejXfsXBfsC1QZ8_WZKBLN,Gov't urged to ensure justice for other victims like Kian delos Santos,,
https://www.google.com/url?client=internal-element-cse&cx=0a1edc7cadfc7b033&q=https://rappler.com/newsbreak/iq/list-false-claims-juan-ponce-enrile-martial-law&sa=U&ved=2ahUKEwi9yKrm-rXrAhXkKKYKHWpEBLE4PBAWMAZ6BAgGEAE&usg=AOvVaw0QA7nDmrgo7J8P9XcwpxLs,LIST: False claims of Juan Ponce Enrile on Martial Law,,"not true
Name me one person that was arrested because of political or religious belief during that period. None…. Name me one person that was arrested simply because he criticized President Marcos. None,
trumped-up charges
It started when they invented the Jabidah massacre. I say invented because until now, I have not heard anyone who complained about anyone being massacred in Corregidor. No one. The only one who appeared as a member of the supposed Muslim trainees in Corregidor was that fellow who swam across Corregidor to Cavite, which was the invention of Montano and Ninoy Aquino. Because of that political outburst of Ninoy, we lost Sabah. That Jabidah massacre injured the political stature of the Marcos regime, followed by the Plaza Miranda grenading in 1971,"
https://www.google.com/url?client=internal-element-cse&cx=0a1edc7cadfc7b033&q=https://rappler.com/nation/robredo-duterte-remark-extrajudicial-killings-joke-insult-victims-families&sa=U&ved=2ahUKEwi9yKrm-rXrAhXkKKYKHWpEBLE4PBAWMAd6BAgBEAI&usg=AOvVaw3JKNwvLFmsC56VeAG764Xt,Duterte's EJK remark a joke? Robredo calls it an insult,,
https://www.google.com/url?client=internal-element-cse&cx=0a1edc7cadfc7b033&q=https://rappler.com/nation/aguirre-de-lima-safety-jail&sa=U&ved=2ahUKEwi9yKrm-rXrAhXkKKYKHWpEBLE4PBAWMAh6BAgEEAI&usg=AOvVaw25fthqnc6zeYgHqq52EZuI,Aguirre '99% sure' De Lima won't be killed in jail,,
https://www.google.com/url?client=internal-element-cse&cx=0a1edc7cadfc7b033&q=https://rappler.com/nation/undas-2017-traffic-security-situation-cemeteries&sa=U&ved=2ahUKEwi9yKrm-rXrAhXkKKYKHWpEBLE4PBAWMAl6BAgDEAI&usg=AOvVaw0N6NLIdvVDz-Hl9MwpUMN_,IN PHOTOS: 'Relatively peaceful' Undas 2017 for Filipinos,,"We are happy that the public is cooperating with the police even with the strict security measures we are implementing in cemeteries,"
https://www.google.com/url?client=internal-element-cse&cx=0a1edc7cadfc7b033&q=https://rappler.com/nation/families-duterte-government-killed-loved-ones-not-drug-problem-philippines&sa=U&ved=2ahUKEwjd39T5-rXrAhWBMN4KHe6TAGk4RhAWMAB6BAgBEAI&usg=AOvVaw1aIEUXjW_YMsyX7_-QmCNr,"Families to Duterte gov't: You killed our loved ones, not the drug problem",,
https://www.google.com/url?client=internal-element-cse&cx=0a1edc7cadfc7b033&q=https://rappler.com/nation/torture-martial-law-marcos-regime&sa=U&ved=2ahUKEwjd39T5-rXrAhWBMN4KHe6TAGk4RhAWMAF6BAgJEAE&usg=AOvVaw3xrHY7KJ2_DtUnwRO0kM3I,Worse than death: Torture methods during martial law,,
https://www.google.com/url?client=internal-element-cse&cx=0a1edc7cadfc7b033&q=https://rappler.com/nation/how-kian-delos-santos-was-killed-according-to-police&sa=U&ved=2ahUKEwjd39T5-rXrAhWBMN4KHe6TAGk4RhAWMAJ6BAgIEAI&usg=AOvVaw3aobKhnEGnjmvIvPwnOdSy,"How Kian delos Santos was killed, according to police",,
https://www.google.com/url?client=internal-element-cse&cx=0a1edc7cadfc7b033&q=https://rappler.com/nation/majority-filipinos-think-dangerous-publish-things-critical-duterte-admin-sws&sa=U&ved=2ahUKEwjd39T5-rXrAhWBMN4KHe6TAGk4RhAWMAN6BAgHEAI&usg=AOvVaw073zZby90Themm98Y6ezYP,Majority of Filipinos think it's dangerous to publish anything critical of Duterte admin,,
https://www.google.com/url?client=internal-element-cse&cx=0a1edc7cadfc7b033&q=https://rappler.com/newsbreak/data-documents/full-report-united-nations-human-rights-report-philippines-extrajudicial-drug-war-killings&sa=U&ved=2ahUKEwjd39T5-rXrAhWBMN4KHe6TAGk4RhAWMAR6BAgCEAI&usg=AOvVaw3-Pol7pGdCac1-XREIHzZR,"DOCUMENT: U.N. Human Rights report on killings, abuses in PH",,
https://www.google.com/url?client=internal-element-cse&cx=0a1edc7cadfc7b033&q=https://rappler.com/nation/zamboanga-norte-bishop-peace-extrajudicial-killings&sa=U&ved=2ahUKEwjd39T5-rXrAhWBMN4KHe6TAGk4RhAWMAV6BAgFEAI&usg=AOvVaw0kYeoodEnVlH4WVRMPCTOt,Zambo Norte bishop: Peace? Solve killings first,,"For the people of God especially the families of the victims and those who choose to be silent because of fear, we are at your side, we feel your pain and we are one with you in prayer that justice be attained,
wheels of justice run its course.
desecrate the basic dignity of life, the rule of law and the family.
limbo"
